{"armature":[{"aabb":{"width":0,"y":0,"height":0,"x":0},"ik":[],"skin":[{"name":"","slot":[{"display":[{"path":"L3","type":"image","name":"L3","transform":{"skY":120,"y":0.232,"skX":120,"x":36.3834}}],"name":"L31"},{"display":[{"path":"L2","type":"image","name":"L2","transform":{"y":-0.1559,"x":-103.3959}}],"name":"L22"},{"display":[{"path":"L2","type":"image","name":"L2","transform":{"y":90.1741,"x":44.2942}}],"name":"L21"},{"display":[{"path":"ETH4","type":"image","name":"ETH4","transform":{}}],"name":"ETH41"},{"display":[{"path":"ZZ2","type":"image","name":"ZZ2","transform":{"y":-0.3,"x":0.65}}],"name":"ZZ2"},{"display":[{"path":"D2","type":"image","name":"D2","transform":{}}],"name":"D2"},{"display":[{"path":"T2","type":"image","name":"T2","transform":{"x":-0.4}}],"name":"T21"},{"display":[{"path":"L3","type":"image","name":"L3","transform":{"y":-33.7592,"x":-22.4801}}],"name":"L3"},{"display":[{"path":"ETH3","type":"image","name":"ETH3","transform":{"skY":120,"y":-48.2245,"skX":120,"x":35.7041}}],"name":"ETH31"},{"display":[{"path":"D2","type":"image","name":"D2","transform":{}}],"name":"D21"},{"display":[{"path":"ETH3","type":"image","name":"ETH3","transform":{"skY":-120,"y":54.216,"skX":-120,"x":20.4511}}],"name":"ETH3111"},{"display":[{"path":"ETH3","type":"image","name":"ETH3","transform":{"y":-7.3409,"x":-58.5651}}],"name":"ETH3"},{"display":[{"path":"L2","type":"image","name":"L2","transform":{"y":-84.3984,"x":49.4419}}],"name":"L2"},{"display":[{"path":"ETH3","type":"image","name":"ETH3","transform":{"skY":-120,"y":54.216,"skX":-120,"x":20.4511}}],"name":"ETH311"},{"display":[{"path":"ETH3","type":"image","name":"ETH3","transform":{"skY":120,"y":-48.2245,"skX":120,"x":35.7041}}],"name":"ETH312"},{"display":[{"path":"B","type":"image","name":"B","transform":{"y":-0.2,"x":0.2}},{"path":"D","type":"image","name":"D","transform":{"y":-0.2,"x":0.2}},{"path":"ETC","type":"image","name":"ETC","transform":{"y":-0.2,"x":0.2}},{"path":"ETH","type":"image","name":"ETH","transform":{"y":-0.2,"x":0.2}},{"path":"G","type":"image","name":"G","transform":{"y":-0.2,"x":0.2}},{"path":"L","type":"image","name":"L","transform":{"y":-0.2,"x":0.2}},{"uvs":[0,0,1,0,0,1,1,1],"width":64,"type":"mesh","vertices":[-32,-32,32,-32,-32,32,32,32],"transform":{"y":-0.2,"x":0.2},"triangles":[1,0,3,0,2,3],"path":"M","height":64,"name":"M","edges":[0,1,1,3,3,2,2,0],"userEdges":[]},{"path":"T","type":"image","name":"T","transform":{"y":-0.2,"x":0.2}},{"path":"Z","type":"image","name":"Z","transform":{"y":-0.2,"x":0.2}},{"path":"ZZ","type":"image","name":"ZZ","transform":{"y":-0.2,"x":0.2}}],"name":"B"},{"display":[{"path":"T2","type":"image","name":"T2","transform":{"x":-0.4}}],"name":"T2"},{"display":[{"path":"Z2","type":"image","name":"Z2","transform":{}}],"name":"Z21"},{"display":[{"uvs":[0,0,1,0,0,1,1,1],"width":115,"type":"mesh","vertices":[-57.5,-57.5,57.5,-57.5,-57.5,57.5,57.5,57.5],"transform":{"skY":180,"y":0.2,"skX":180,"x":-0.2},"triangles":[1,0,3,0,2,3],"path":"B1","height":115,"name":"B1","edges":[0,1,1,3,3,2,2,0],"userEdges":[]},{"uvs":[0,0,1,0,0,1,1,1],"width":108,"type":"mesh","vertices":[-54,-53.5,54,-53.5,-54,53.5,54,53.5],"transform":{"skY":180,"y":0.2,"skX":180,"x":-0.2},"triangles":[1,0,3,0,2,3],"path":"D1","height":107,"name":"D1","edges":[0,1,1,3,3,2,2,0],"userEdges":[]},{"uvs":[0,0,1,0,0,1,1,1],"width":124,"type":"mesh","vertices":[-62,-62,62,-62,-62,62,62,62],"transform":{"skY":180,"y":0.2,"skX":180,"x":-0.2},"triangles":[1,0,3,0,2,3],"path":"ETC1","height":124,"name":"ETC1","edges":[0,1,1,3,3,2,2,0],"userEdges":[]},{"uvs":[0,0,1,0,0,1,1,1],"width":117,"type":"mesh","vertices":[-58.5,-58.5,58.5,-58.5,-58.5,58.5,58.5,58.5],"transform":{"skY":180,"y":0.2,"skX":180,"x":-0.2},"triangles":[1,0,3,0,2,3],"path":"ETH1","height":117,"name":"ETH1","edges":[0,1,1,3,3,2,2,0],"userEdges":[]},{"uvs":[0,0,1,0,0,1,1,1],"width":120,"type":"mesh","vertices":[-60,-60,60,-60,-60,60,60,60],"transform":{"skY":180,"y":0.2,"skX":180,"x":-0.2},"triangles":[1,0,3,0,2,3],"path":"G1","height":120,"name":"G1","edges":[0,1,1,3,3,2,2,0],"userEdges":[]},{"uvs":[0,0,1,0,0,1,1,1],"width":138,"type":"mesh","vertices":[-69,-69,69,-69,-69,69,69,69],"transform":{"skY":180,"y":0.2,"skX":180,"x":-0.2},"triangles":[1,0,3,0,2,3],"path":"L1","height":138,"name":"L1","edges":[0,1,1,3,3,2,2,0],"userEdges":[]},{"uvs":[0,0,1,0,0,1,1,1],"width":108,"type":"mesh","vertices":[-54,-54,54,-54,-54,54,54,54],"transform":{"skY":180,"y":0.2,"skX":180,"x":-0.2},"triangles":[1,0,3,0,2,3],"path":"M1","height":108,"name":"M1","edges":[0,1,1,3,3,2,2,0],"userEdges":[]},{"uvs":[0,0,1,0,0,1,1,1],"width":104,"type":"mesh","vertices":[-52,-52,52,-52,-52,52,52,52],"transform":{"skY":180,"y":0.2,"skX":180,"x":-0.2},"triangles":[1,0,3,0,2,3],"path":"T1","height":104,"name":"T1","edges":[0,1,1,3,3,2,2,0],"userEdges":[]},{"uvs":[0,0,1,0,0,1,1,1],"width":113,"type":"mesh","vertices":[-56.5,-56.5,56.5,-56.5,-56.5,56.5,56.5,56.5],"transform":{"skY":180,"y":0.2,"skX":180,"x":-0.2},"triangles":[1,0,3,0,2,3],"path":"Z1","height":113,"name":"Z1","edges":[0,1,1,3,3,2,2,0],"userEdges":[]},{"uvs":[0,0,1,0,0,1,1,1],"width":153,"type":"mesh","vertices":[-76.5,-76.5,76.5,-76.5,-76.5,76.5,76.5,76.5],"transform":{"skY":180,"y":0.2,"skX":180,"x":-0.2},"triangles":[1,0,3,0,2,3],"path":"ZZ1","height":153,"name":"ZZ1","edges":[0,1,1,3,3,2,2,0],"userEdges":[]}],"name":"B1"},{"display":[{"path":"B3","type":"image","name":"B3","transform":{"skY":-150,"y":36.0246,"skX":-150,"x":33.7222}}],"name":"B31"},{"display":[{"path":"ETH4","type":"image","name":"ETH4","transform":{}}],"name":"ETH4"},{"display":[{"path":"ETC3","type":"image","name":"ETC3","transform":{"y":-0.35,"x":-0.4}}],"name":"ETC3"},{"display":[{"path":"L3","type":"image","name":"L3","transform":{"skY":60,"y":32.9158,"skX":60,"x":-23.8856}}],"name":"L32"},{"display":[{"path":"L3","type":"image","name":"L3","transform":{"skY":120,"y":0.232,"skX":120,"x":36.3834}}],"name":"L311"},{"display":[{"path":"Z2","type":"image","name":"Z2","transform":{}}],"name":"Z2"},{"display":[{"path":"ZZ2","type":"image","name":"ZZ2","transform":{"skY":30,"y":0.7,"skX":30,"x":-0.7}}],"name":"ZZ21"},{"display":[{"path":"L2","type":"image","name":"L2","transform":{"y":90.1741,"x":44.2942}}],"name":"L211"},{"display":[{"path":"L3","type":"image","name":"L3","transform":{"y":-33.7592,"x":-22.4801}}],"name":"L33"},{"display":[{"path":"B3","type":"image","name":"B3","transform":{"skY":-145.7389,"y":39.561,"skX":-145.7389,"x":27.7421}}],"name":"B3"},{"display":[{"path":"L2","type":"image","name":"L2","transform":{"y":-84.3984,"x":49.4419}}],"name":"L23"},{"display":[{"path":"B3","type":"image","name":"B3","transform":{"skY":-145,"y":39.8976,"skX":-145,"x":26.2499}}],"name":"B32"},{"display":[{"path":"L3","type":"image","name":"L3","transform":{"skY":60,"y":32.9158,"skX":60,"x":-23.8856}}],"name":"L321"},{"display":[{"path":"M2","type":"image","name":"M2","transform":{}}],"name":"M2"},{"display":[{"path":"G2","type":"image","name":"G2","transform":{"y":-0.35,"x":-0.4}}],"name":"G2"},{"display":[{"path":"ETH3","type":"image","name":"ETH3","transform":{"y":-7.3409,"x":-58.5651}}],"name":"ETH32"},{"display":[{"path":"L2","type":"image","name":"L2","transform":{"y":-0.1559,"x":-103.3959}}],"name":"L221"},{"display":[{"path":"M2","type":"image","name":"M2","transform":{}}],"name":"M21"}]}],"type":"Armature","frameRate":30,"bone":[{"name":"root","transform":{}},{"transform":{"y":0.2,"x":-0.2},"name":"bone1","parent":"root"},{"transform":{},"name":"1","parent":"root"},{"transform":{},"name":"eth","parent":"root"},{"transform":{},"name":"eth1","parent":"root"},{"transform":{"skY":45,"skX":45,"x":0.4},"name":"T21","parent":"1"},{"length":32,"transform":{"y":-0.35,"x":1.05},"parent":"1","name":"B32"},{"length":13,"transform":{"y":0.35,"x":0.4},"parent":"1","name":"ETC3"},{"length":29,"transform":{"skY":145.7389,"y":-0.35,"skX":145.7389,"x":0.35},"parent":"1","name":"B3"},{"length":31,"transform":{},"parent":"1","name":"D2"},{"transform":{},"name":"Z2","parent":"1"},{"length":31,"transform":{"skY":45,"skX":45},"parent":"1","name":"D21"},{"transform":{"y":0.3,"x":-0.65},"name":"ZZ2","parent":"1"},{"transform":{"y":-0.7,"x":0.7},"name":"ZZ21","parent":"1"},{"length":28,"transform":{"skY":-90,"y":0.7,"skX":-90,"x":1.05},"parent":"1","name":"B321"},{"transform":{"skY":90,"skX":90},"name":"Z21","parent":"1"},{"transform":{},"name":"M2","parent":"1"},{"transform":{},"name":"M21","parent":"1"},{"transform":{"x":0.4},"name":"T2","parent":"1"},{"length":34,"transform":{},"parent":"bone1","name":"bone"},{"length":26,"transform":{"skY":180,"skX":180},"parent":"bone","name":"bone2"}],"defaultActions":[{"gotoAndPlay":"a1"}],"slot":[{"displayIndex":-1,"name":"B3","parent":"B3","color":{}},{"z":1,"displayIndex":-1,"name":"B32","parent":"B32","color":{}},{"z":2,"displayIndex":-1,"name":"B31","parent":"B321","color":{}},{"z":3,"displayIndex":-1,"name":"ETC3","parent":"ETC3","color":{}},{"z":4,"displayIndex":-1,"name":"G2","parent":"ETC3","color":{}},{"z":5,"displayIndex":-1,"name":"M2","parent":"M2","color":{}},{"z":6,"displayIndex":-1,"name":"T21","parent":"T21","color":{}},{"z":7,"displayIndex":-1,"name":"T2","parent":"T2","color":{}},{"z":8,"displayIndex":-1,"name":"Z21","parent":"Z21","color":{}},{"z":9,"displayIndex":-1,"name":"Z2","parent":"Z2","color":{}},{"z":10,"displayIndex":-1,"name":"ZZ2","parent":"ZZ2","color":{}},{"z":11,"displayIndex":-1,"name":"ETH4","parent":"eth","color":{}},{"z":12,"displayIndex":-1,"name":"ETH3","parent":"eth","color":{}},{"z":13,"displayIndex":-1,"name":"ETH31","parent":"eth","color":{}},{"z":14,"displayIndex":-1,"name":"ETH311","parent":"eth","color":{}},{"z":15,"displayIndex":-1,"name":"ETH41","parent":"eth1","color":{}},{"z":16,"displayIndex":-1,"name":"ETH32","parent":"eth1","color":{}},{"z":17,"displayIndex":-1,"name":"ETH312","parent":"eth1","color":{}},{"z":18,"displayIndex":-1,"name":"ETH3111","parent":"eth1","color":{}},{"z":19,"displayIndex":-1,"name":"L321","parent":"eth1","color":{}},{"z":20,"displayIndex":-1,"name":"L221","parent":"eth1","color":{}},{"z":21,"displayIndex":-1,"name":"L311","parent":"eth1","color":{}},{"z":22,"displayIndex":-1,"name":"L23","parent":"eth1","color":{}},{"z":23,"displayIndex":-1,"name":"L33","parent":"eth1","color":{}},{"z":24,"displayIndex":-1,"name":"L211","parent":"eth1","color":{}},{"z":25,"displayIndex":-1,"name":"L3","parent":"eth","color":{}},{"z":26,"displayIndex":-1,"name":"L31","parent":"eth","color":{}},{"z":27,"displayIndex":-1,"name":"L32","parent":"eth","color":{}},{"z":28,"displayIndex":-1,"name":"L2","parent":"eth","color":{}},{"z":29,"displayIndex":-1,"name":"L21","parent":"eth","color":{}},{"z":30,"displayIndex":-1,"name":"L22","parent":"eth","color":{}},{"z":31,"displayIndex":-1,"name":"B1","parent":"bone2","color":{}},{"z":32,"displayIndex":-1,"name":"D21","parent":"D21","color":{}},{"z":33,"displayIndex":-1,"name":"D2","parent":"D2","color":{}},{"z":34,"displayIndex":-1,"name":"B","parent":"bone1","color":{}},{"z":35,"displayIndex":-1,"name":"ZZ21","parent":"ZZ21","color":{}},{"z":36,"displayIndex":-1,"name":"M21","parent":"M21","color":{}}],"animation":[{"bone":[{"frame":[{"tweenEasing":0,"duration":20,"transform":{}},{"duration":0,"transform":{}}],"name":"root"},{"frame":[{"tweenEasing":0,"duration":20,"transform":{}},{"duration":0,"transform":{}}],"name":"bone1"},{"frame":[{"tweenEasing":0,"duration":20,"transform":{}},{"duration":0,"transform":{}}],"name":"1"},{"frame":[{"tweenEasing":0,"duration":20,"transform":{}},{"duration":0,"transform":{}}],"name":"ETC3"},{"frame":[{"tweenEasing":0,"duration":10,"transform":{}},{"tweenEasing":0,"duration":10,"transform":{"scX":0.95,"scY":1.05}},{"duration":0,"transform":{}}],"name":"bone2"},{"frame":[{"tweenEasing":0,"duration":20,"transform":{}},{"duration":0,"transform":{"skY":142.3475,"skX":142.3475}}],"name":"B32"},{"frame":[{"tweenEasing":0,"duration":20,"transform":{}},{"duration":0,"transform":{}}],"name":"D2"},{"frame":[{"tweenEasing":0,"duration":20,"transform":{}},{"duration":0,"transform":{}}],"name":"T21"},{"frame":[{"tweenEasing":0,"duration":20,"transform":{}},{"duration":0,"transform":{}}],"name":"Z2"},{"frame":[{"tweenEasing":0,"duration":20,"transform":{}},{"duration":0,"transform":{"skY":117.8774,"skX":117.8774}}],"name":"B3"},{"frame":[{"tweenEasing":0,"duration":20,"transform":{}},{"duration":0,"transform":{"skY":98.6938,"y":-1.11,"skX":98.6938,"x":-1.11}}],"name":"B321"},{"frame":[{"tweenEasing":0,"duration":20,"transform":{}},{"duration":0,"transform":{}}],"name":"Z21"},{"frame":[{"tweenEasing":0,"duration":20,"transform":{}},{"duration":0,"transform":{}}],"name":"bone"},{"frame":[{"tweenEasing":0,"duration":20,"transform":{}},{"duration":0,"transform":{}}],"name":"T2"},{"frame":[{"tweenEasing":0,"duration":20,"transform":{}},{"duration":0,"transform":{}}],"name":"D21"},{"frame":[{"tweenEasing":0,"duration":20,"transform":{}},{"duration":0,"transform":{}}],"name":"ZZ2"},{"frame":[{"tweenEasing":0,"duration":20,"transform":{}},{"duration":0,"transform":{}}],"name":"ZZ21"},{"frame":[{"duration":20,"transform":{}}],"name":"M2"},{"frame":[{"duration":20,"transform":{}}],"name":"M21"},{"frame":[{"duration":20,"transform":{}}],"name":"eth"},{"frame":[{"duration":20,"transform":{}}],"name":"eth1"}],"ffd":[],"duration":20,"playTimes":0,"frame":[],"slot":[{"frame":[{"tweenEasing":null,"duration":20}],"name":"B3"},{"frame":[{"tweenEasing":null,"duration":20}],"name":"B32"},{"frame":[{"tweenEasing":null,"duration":20},{"tweenEasing":null,"duration":0}],"name":"B31"},{"frame":[{"tweenEasing":null,"duration":20}],"name":"B1"},{"frame":[{"tweenEasing":null,"duration":20}],"name":"B"}],"ik":[],"name":"a1"},{"bone":[{"frame":[{"tweenEasing":0,"duration":20,"transform":{}},{"duration":0,"transform":{}}],"name":"root"},{"frame":[{"tweenEasing":0,"duration":20,"transform":{}},{"duration":0,"transform":{}}],"name":"bone1"},{"frame":[{"tweenEasing":0,"duration":20,"transform":{}},{"duration":0,"transform":{}}],"name":"1"},{"frame":[{"tweenEasing":0,"duration":20,"transform":{}},{"duration":0,"transform":{}}],"name":"ETC3"},{"frame":[{"tweenEasing":0,"duration":10,"transform":{},"tweenRotate":2},{"tweenEasing":0,"duration":10,"transform":{"skY":180,"scX":0.95,"scY":1.05,"skX":180}},{"duration":0,"transform":{}}],"name":"bone2"},{"frame":[{"tweenEasing":0,"duration":20,"transform":{},"tweenRotate":2},{"duration":0,"transform":{}}],"name":"B32"},{"frame":[{"tweenEasing":0,"duration":20,"transform":{}},{"duration":0,"transform":{}}],"name":"D2"},{"frame":[{"tweenEasing":0,"duration":20,"transform":{}},{"duration":0,"transform":{}}],"name":"T21"},{"frame":[{"tweenEasing":0,"duration":20,"transform":{}},{"duration":0,"transform":{}}],"name":"Z2"},{"frame":[{"tweenEasing":0,"duration":20,"transform":{},"tweenRotate":2},{"duration":0,"transform":{}}],"name":"B3"},{"frame":[{"tweenEasing":0,"duration":20,"transform":{},"tweenRotate":2},{"duration":0,"transform":{}}],"name":"B321"},{"frame":[{"tweenEasing":0,"duration":20,"transform":{}},{"duration":0,"transform":{}}],"name":"Z21"},{"frame":[{"tweenEasing":0,"duration":20,"transform":{}},{"duration":0,"transform":{}}],"name":"bone"},{"frame":[{"tweenEasing":0,"duration":20,"transform":{}},{"duration":0,"transform":{}}],"name":"T2"},{"frame":[{"tweenEasing":0,"duration":20,"transform":{}},{"duration":0,"transform":{}}],"name":"D21"},{"frame":[{"tweenEasing":0,"duration":20,"transform":{}},{"duration":0,"transform":{}}],"name":"ZZ2"},{"frame":[{"tweenEasing":0,"duration":20,"transform":{}},{"duration":0,"transform":{}}],"name":"ZZ21"},{"frame":[{"duration":20,"transform":{}}],"name":"M2"},{"frame":[{"duration":20,"transform":{}}],"name":"M21"},{"frame":[{"duration":20,"transform":{}}],"name":"eth"},{"frame":[{"duration":20,"transform":{}}],"name":"eth1"}],"ffd":[],"duration":20,"playTimes":0,"frame":[],"slot":[{"frame":[{"tweenEasing":null,"duration":20}],"name":"B3"},{"frame":[{"tweenEasing":null,"duration":20}],"name":"B32"},{"frame":[{"tweenEasing":null,"duration":20}],"name":"B31"},{"frame":[{"tweenEasing":null,"duration":20}],"name":"B1"},{"frame":[{"tweenEasing":null,"duration":20}],"name":"B"}],"ik":[],"name":"a1_1"},{"bone":[{"frame":[{"tweenEasing":0,"duration":10,"transform":{}},{"tweenEasing":0,"duration":110,"transform":{}},{"duration":0,"transform":{}}],"name":"root"},{"frame":[{"tweenEasing":0,"duration":10,"transform":{}},{"tweenEasing":0,"duration":110,"transform":{}},{"duration":0,"transform":{}}],"name":"bone1"},{"frame":[{"tweenEasing":0,"duration":10,"transform":{}},{"tweenEasing":0,"duration":110,"transform":{}},{"duration":0,"transform":{}}],"name":"1"},{"frame":[{"tweenEasing":0,"duration":10,"transform":{}},{"tweenEasing":0,"duration":110,"transform":{}},{"duration":0,"transform":{}}],"name":"ETC3"},{"frame":[{"tweenEasing":0,"duration":10,"transform":{}},{"tweenEasing":0,"duration":110,"transform":{}},{"duration":0,"transform":{}}],"name":"B32"},{"frame":[{"tweenEasing":0,"duration":120,"transform":{},"tweenRotate":-2},{"duration":0,"transform":{}}],"name":"D2"},{"frame":[{"tweenEasing":0,"duration":10,"transform":{}},{"tweenEasing":0,"duration":110,"transform":{}},{"duration":0,"transform":{}}],"name":"T21"},{"frame":[{"tweenEasing":0,"duration":10,"transform":{}},{"tweenEasing":0,"duration":110,"transform":{}},{"duration":0,"transform":{}}],"name":"Z2"},{"frame":[{"tweenEasing":0,"duration":10,"transform":{}},{"tweenEasing":0,"duration":110,"transform":{}},{"duration":0,"transform":{}}],"name":"B3"},{"frame":[{"tweenEasing":0,"duration":10,"transform":{}},{"tweenEasing":0,"duration":110,"transform":{}},{"duration":0,"transform":{}}],"name":"B321"},{"frame":[{"tweenEasing":0,"duration":10,"transform":{}},{"tweenEasing":0,"duration":110,"transform":{}},{"duration":0,"transform":{}}],"name":"Z21"},{"frame":[{"tweenEasing":0,"duration":10,"transform":{}},{"tweenEasing":0,"duration":110,"transform":{}},{"duration":0,"transform":{}}],"name":"bone"},{"frame":[{"tweenEasing":0,"duration":10,"transform":{}},{"tweenEasing":0,"duration":110,"transform":{}},{"duration":0,"transform":{}}],"name":"T2"},{"frame":[{"tweenEasing":0,"duration":120,"transform":{},"tweenRotate":2},{"duration":0,"transform":{}}],"name":"D21"},{"frame":[{"tweenEasing":0,"duration":10,"transform":{}},{"tweenEasing":0,"duration":110,"transform":{}},{"duration":0,"transform":{}}],"name":"ZZ2"},{"frame":[{"tweenEasing":0,"duration":10,"transform":{}},{"tweenEasing":0,"duration":110,"transform":{}},{"duration":0,"transform":{}}],"name":"ZZ21"},{"frame":[{"tweenEasing":0,"duration":10,"transform":{}},{"tweenEasing":0,"duration":10,"transform":{"scX":0.95,"scY":1.05}},{"tweenEasing":0,"duration":10,"transform":{}},{"tweenEasing":0,"duration":10,"transform":{"scX":0.95,"scY":1.05}},{"tweenEasing":0,"duration":10,"transform":{}},{"tweenEasing":0,"duration":10,"transform":{"scX":0.95,"scY":1.05}},{"tweenEasing":0,"duration":10,"transform":{}},{"tweenEasing":0,"duration":10,"transform":{"scX":0.95,"scY":1.05}},{"tweenEasing":0,"duration":10,"transform":{}},{"tweenEasing":0,"duration":10,"transform":{"scX":0.95,"scY":1.05}},{"tweenEasing":0,"duration":10,"transform":{}},{"tweenEasing":0,"duration":10,"transform":{"scX":0.95,"scY":1.05}},{"duration":0,"transform":{}}],"name":"bone2"},{"frame":[{"duration":120,"transform":{}}],"name":"M2"},{"frame":[{"duration":120,"transform":{}}],"name":"M21"},{"frame":[{"duration":120,"transform":{}}],"name":"eth"},{"frame":[{"duration":120,"transform":{}}],"name":"eth1"}],"ffd":[],"duration":120,"zOrder":{"frame":[{"tweenEasing":null,"duration":120,"zOrder":[11,18,12,15,13,10,14,5,16,8,17,0,19,17,20,12,21,7,22,-1,23,10,24,7,25,5,26,-1,27,-13,32,-32,33,-32,35,-22,36,-10]}]},"playTimes":0,"frame":[],"slot":[{"frame":[{"displayIndex":1,"tweenEasing":null,"duration":20},{"displayIndex":1,"tweenEasing":0,"duration":20},{"displayIndex":1,"tweenEasing":0,"duration":20},{"displayIndex":1,"tweenEasing":0,"duration":20},{"displayIndex":1,"tweenEasing":0,"duration":20},{"displayIndex":1,"tweenEasing":0,"duration":20}],"name":"B1"},{"frame":[{"tweenEasing":null,"duration":120}],"name":"D21"},{"frame":[{"tweenEasing":null,"duration":120}],"name":"D2"},{"frame":[{"displayIndex":1,"tweenEasing":null,"duration":120}],"name":"B"}],"ik":[],"name":"a2"},{"bone":[{"frame":[{"tweenEasing":0,"duration":10,"transform":{}},{"tweenEasing":0,"duration":10,"transform":{}},{"duration":20,"transform":{}}],"name":"root"},{"frame":[{"tweenEasing":0,"duration":10,"transform":{}},{"tweenEasing":0,"duration":10,"transform":{}},{"duration":20,"transform":{}}],"name":"bone1"},{"frame":[{"tweenEasing":0,"duration":10,"transform":{}},{"tweenEasing":0,"duration":10,"transform":{}},{"duration":20,"transform":{}}],"name":"1"},{"frame":[{"tweenEasing":0,"duration":10,"transform":{}},{"tweenEasing":0,"duration":10,"transform":{}},{"duration":20,"transform":{}}],"name":"ETC3"},{"frame":[{"tweenEasing":0,"duration":10,"transform":{}},{"tweenEasing":0,"duration":10,"transform":{}},{"duration":20,"transform":{}}],"name":"B32"},{"frame":[{"tweenEasing":0,"duration":40,"transform":{},"tweenRotate":-2},{"duration":0,"transform":{}}],"name":"D2"},{"frame":[{"tweenEasing":0,"duration":10,"transform":{}},{"tweenEasing":0,"duration":10,"transform":{}},{"duration":20,"transform":{}}],"name":"T21"},{"frame":[{"tweenEasing":0,"duration":10,"transform":{}},{"tweenEasing":0,"duration":10,"transform":{}},{"duration":20,"transform":{}}],"name":"Z2"},{"frame":[{"tweenEasing":0,"duration":10,"transform":{}},{"tweenEasing":0,"duration":10,"transform":{}},{"duration":20,"transform":{}}],"name":"B3"},{"frame":[{"tweenEasing":0,"duration":10,"transform":{}},{"tweenEasing":0,"duration":10,"transform":{}},{"duration":20,"transform":{}}],"name":"B321"},{"frame":[{"tweenEasing":0,"duration":10,"transform":{}},{"tweenEasing":0,"duration":10,"transform":{}},{"duration":20,"transform":{}}],"name":"Z21"},{"frame":[{"tweenEasing":0,"duration":10,"transform":{},"tweenRotate":3},{"tweenEasing":0,"duration":10,"transform":{"skY":180,"skX":180}},{"tweenEasing":0,"duration":10,"transform":{"skY":360,"skX":360}},{"tweenEasing":0,"duration":10,"transform":{"skY":540,"skX":540}},{"duration":0,"transform":{}}],"name":"bone"},{"frame":[{"tweenEasing":0,"duration":10,"transform":{}},{"tweenEasing":0,"duration":10,"transform":{}},{"duration":20,"transform":{}}],"name":"T2"},{"frame":[{"tweenEasing":0,"duration":40,"transform":{},"tweenRotate":2},{"duration":0,"transform":{}}],"name":"D21"},{"frame":[{"tweenEasing":0,"duration":10,"transform":{}},{"tweenEasing":0,"duration":10,"transform":{}},{"duration":20,"transform":{}}],"name":"ZZ2"},{"frame":[{"tweenEasing":0,"duration":10,"transform":{}},{"tweenEasing":0,"duration":10,"transform":{}},{"duration":20,"transform":{}}],"name":"ZZ21"},{"frame":[{"tweenEasing":0,"duration":10,"transform":{}},{"tweenEasing":0,"duration":10,"transform":{"scX":0.95,"scY":1.05}},{"tweenEasing":0,"duration":10,"transform":{}},{"tweenEasing":0,"duration":10,"transform":{"scX":0.95,"scY":1.05}},{"duration":0,"transform":{}}],"name":"bone2"},{"frame":[{"duration":40,"transform":{}}],"name":"M2"},{"frame":[{"duration":40,"transform":{}}],"name":"M21"},{"frame":[{"duration":40,"transform":{}}],"name":"eth"},{"frame":[{"duration":40,"transform":{}}],"name":"eth1"}],"ffd":[],"duration":40,"zOrder":{"frame":[{"tweenEasing":null,"duration":40,"zOrder":[11,20,12,17,13,14,14,11,15,8,16,10,17,-1,20,16,22,6,24,9,27,-12,28,-11,29,-10,30,-9,32,-32,33,-32,35,-22,36,-4]}]},"playTimes":0,"frame":[],"slot":[{"frame":[{"displayIndex":1,"tweenEasing":null,"duration":20},{"displayIndex":1,"tweenEasing":0,"duration":20},{"displayIndex":1,"tweenEasing":0,"duration":0}],"name":"B1"},{"frame":[{"tweenEasing":null,"duration":40}],"name":"D21"},{"frame":[{"tweenEasing":null,"duration":40}],"name":"D2"},{"frame":[{"displayIndex":1,"tweenEasing":null,"duration":40}],"name":"B"}],"ik":[],"name":"a2_1"},{"bone":[{"frame":[{"tweenEasing":0,"duration":10,"transform":{}},{"tweenEasing":0,"duration":110,"transform":{}},{"duration":0,"transform":{}}],"name":"root"},{"frame":[{"tweenEasing":0,"duration":10,"transform":{}},{"tweenEasing":0,"duration":110,"transform":{}},{"duration":0,"transform":{}}],"name":"bone1"},{"frame":[{"tweenEasing":0,"duration":10,"transform":{}},{"tweenEasing":0,"duration":110,"transform":{}},{"duration":0,"transform":{}}],"name":"1"},{"frame":[{"tweenEasing":0,"duration":120,"transform":{},"tweenRotate":2},{"duration":0,"transform":{}}],"name":"ETC3"},{"frame":[{"tweenEasing":0,"duration":10,"transform":{}},{"tweenEasing":0,"duration":110,"transform":{}},{"duration":0,"transform":{}}],"name":"B32"},{"frame":[{"tweenEasing":0,"duration":120,"transform":{},"tweenRotate":-2},{"duration":0,"transform":{}}],"name":"D2"},{"frame":[{"tweenEasing":0,"duration":10,"transform":{}},{"tweenEasing":0,"duration":110,"transform":{}},{"duration":0,"transform":{}}],"name":"T21"},{"frame":[{"tweenEasing":0,"duration":10,"transform":{}},{"tweenEasing":0,"duration":110,"transform":{}},{"duration":0,"transform":{}}],"name":"Z2"},{"frame":[{"tweenEasing":0,"duration":10,"transform":{}},{"tweenEasing":0,"duration":110,"transform":{}},{"duration":0,"transform":{}}],"name":"B3"},{"frame":[{"tweenEasing":0,"duration":10,"transform":{}},{"tweenEasing":0,"duration":110,"transform":{}},{"duration":0,"transform":{}}],"name":"B321"},{"frame":[{"tweenEasing":0,"duration":10,"transform":{}},{"tweenEasing":0,"duration":110,"transform":{}},{"duration":0,"transform":{}}],"name":"Z21"},{"frame":[{"tweenEasing":0,"duration":120,"transform":{}},{"duration":0,"transform":{}}],"name":"bone"},{"frame":[{"tweenEasing":0,"duration":10,"transform":{}},{"tweenEasing":0,"duration":110,"transform":{}},{"duration":0,"transform":{}}],"name":"T2"},{"frame":[{"tweenEasing":0,"duration":120,"transform":{},"tweenRotate":2},{"duration":0,"transform":{}}],"name":"D21"},{"frame":[{"tweenEasing":0,"duration":10,"transform":{}},{"tweenEasing":0,"duration":110,"transform":{}},{"duration":0,"transform":{}}],"name":"ZZ2"},{"frame":[{"tweenEasing":0,"duration":10,"transform":{}},{"tweenEasing":0,"duration":110,"transform":{}},{"duration":0,"transform":{}}],"name":"ZZ21"},{"frame":[{"tweenEasing":0,"duration":10,"transform":{}},{"tweenEasing":0,"duration":10,"transform":{"scX":0.95,"scY":1.05}},{"tweenEasing":0,"duration":10,"transform":{}},{"tweenEasing":0,"duration":10,"transform":{"scX":0.95,"scY":1.05}},{"tweenEasing":0,"duration":10,"transform":{}},{"tweenEasing":0,"duration":10,"transform":{"scX":0.95,"scY":1.05}},{"tweenEasing":0,"duration":10,"transform":{}},{"tweenEasing":0,"duration":10,"transform":{"scX":0.95,"scY":1.05}},{"tweenEasing":0,"duration":10,"transform":{}},{"tweenEasing":0,"duration":10,"transform":{"scX":0.95,"scY":1.05}},{"tweenEasing":0,"duration":10,"transform":{}},{"tweenEasing":0,"duration":10,"transform":{"scX":0.95,"scY":1.05}},{"duration":0,"transform":{}}],"name":"bone2"},{"frame":[{"duration":120,"transform":{}}],"name":"M2"},{"frame":[{"duration":120,"transform":{}}],"name":"M21"},{"frame":[{"duration":120,"transform":{}}],"name":"eth"},{"frame":[{"duration":120,"transform":{}}],"name":"eth1"}],"ffd":[],"duration":120,"zOrder":{"frame":[{"tweenEasing":null,"duration":120,"zOrder":[11,-12,12,-13]}]},"playTimes":0,"frame":[],"slot":[{"frame":[{"tweenEasing":null,"duration":120}],"name":"ETC3"},{"frame":[{"displayIndex":-1,"tweenEasing":null,"duration":120}],"name":"G2"},{"frame":[{"displayIndex":2,"tweenEasing":null,"duration":120}],"name":"B1"},{"frame":[{"displayIndex":-1,"tweenEasing":null,"duration":120}],"name":"D21"},{"frame":[{"displayIndex":-1,"tweenEasing":null,"duration":120}],"name":"D2"},{"frame":[{"displayIndex":2,"tweenEasing":null,"duration":120}],"name":"B"}],"ik":[],"name":"a3"},{"bone":[{"frame":[{"tweenEasing":0,"duration":10,"transform":{}},{"tweenEasing":0,"duration":30,"transform":{}},{"duration":0,"transform":{}}],"name":"root"},{"frame":[{"tweenEasing":0,"duration":10,"transform":{}},{"tweenEasing":0,"duration":30,"transform":{}},{"duration":0,"transform":{}}],"name":"bone1"},{"frame":[{"tweenEasing":0,"duration":10,"transform":{}},{"tweenEasing":0,"duration":30,"transform":{}},{"duration":0,"transform":{}}],"name":"1"},{"frame":[{"tweenEasing":0,"duration":40,"transform":{},"tweenRotate":2},{"duration":0,"transform":{}}],"name":"ETC3"},{"frame":[{"tweenEasing":0,"duration":10,"transform":{}},{"tweenEasing":0,"duration":30,"transform":{}},{"duration":0,"transform":{}}],"name":"B32"},{"frame":[{"tweenEasing":0,"duration":40,"transform":{},"tweenRotate":-2},{"duration":0,"transform":{}}],"name":"D2"},{"frame":[{"tweenEasing":0,"duration":10,"transform":{}},{"tweenEasing":0,"duration":30,"transform":{}},{"duration":0,"transform":{}}],"name":"T21"},{"frame":[{"tweenEasing":0,"duration":10,"transform":{}},{"tweenEasing":0,"duration":30,"transform":{}},{"duration":0,"transform":{}}],"name":"Z2"},{"frame":[{"tweenEasing":0,"duration":10,"transform":{}},{"tweenEasing":0,"duration":30,"transform":{}},{"duration":0,"transform":{}}],"name":"B3"},{"frame":[{"tweenEasing":0,"duration":10,"transform":{}},{"tweenEasing":0,"duration":30,"transform":{}},{"duration":0,"transform":{}}],"name":"B321"},{"frame":[{"tweenEasing":0,"duration":10,"transform":{}},{"tweenEasing":0,"duration":30,"transform":{}},{"duration":0,"transform":{}}],"name":"Z21"},{"frame":[{"tweenEasing":0,"duration":40,"transform":{},"tweenRotate":2},{"duration":0,"transform":{}}],"name":"bone"},{"frame":[{"tweenEasing":0,"duration":10,"transform":{}},{"tweenEasing":0,"duration":30,"transform":{}},{"duration":0,"transform":{}}],"name":"T2"},{"frame":[{"tweenEasing":0,"duration":40,"transform":{},"tweenRotate":2},{"duration":0,"transform":{}}],"name":"D21"},{"frame":[{"tweenEasing":0,"duration":10,"transform":{}},{"tweenEasing":0,"duration":30,"transform":{}},{"duration":0,"transform":{}}],"name":"ZZ2"},{"frame":[{"tweenEasing":0,"duration":10,"transform":{}},{"tweenEasing":0,"duration":30,"transform":{}},{"duration":0,"transform":{}}],"name":"ZZ21"},{"frame":[{"tweenEasing":0,"duration":10,"transform":{}},{"tweenEasing":0,"duration":10,"transform":{"scX":0.95,"scY":1.05}},{"tweenEasing":0,"duration":10,"transform":{}},{"tweenEasing":0,"duration":10,"transform":{"scX":0.95,"scY":1.05}},{"duration":0,"transform":{}}],"name":"bone2"},{"frame":[{"duration":40,"transform":{}}],"name":"M2"},{"frame":[{"duration":40,"transform":{}}],"name":"M21"},{"frame":[{"duration":40,"transform":{}}],"name":"eth"},{"frame":[{"duration":40,"transform":{}}],"name":"eth1"}],"ffd":[],"duration":40,"zOrder":{"frame":[{"tweenEasing":null,"duration":40,"zOrder":[11,-12,12,-13]}]},"playTimes":0,"frame":[],"slot":[{"frame":[{"tweenEasing":null,"duration":40}],"name":"ETC3"},{"frame":[{"displayIndex":-1,"tweenEasing":null,"duration":40}],"name":"G2"},{"frame":[{"displayIndex":2,"tweenEasing":null,"duration":40}],"name":"B1"},{"frame":[{"displayIndex":-1,"tweenEasing":null,"duration":40}],"name":"D21"},{"frame":[{"displayIndex":-1,"tweenEasing":null,"duration":40}],"name":"D2"},{"frame":[{"displayIndex":2,"tweenEasing":null,"duration":40}],"name":"B"}],"ik":[],"name":"a3_1"},{"bone":[{"frame":[{"tweenEasing":0,"duration":10,"transform":{}},{"tweenEasing":0,"duration":110,"transform":{}},{"duration":0,"transform":{}}],"name":"root"},{"frame":[{"tweenEasing":0,"duration":10,"transform":{}},{"tweenEasing":0,"duration":110,"transform":{}},{"duration":0,"transform":{}}],"name":"bone1"},{"frame":[{"tweenEasing":0,"duration":10,"transform":{}},{"tweenEasing":0,"duration":110,"transform":{}},{"duration":0,"transform":{}}],"name":"1"},{"frame":[{"tweenEasing":0,"duration":120,"transform":{},"tweenRotate":2},{"duration":0,"transform":{}}],"name":"ETC3"},{"frame":[{"tweenEasing":0,"duration":10,"transform":{}},{"tweenEasing":0,"duration":110,"transform":{}},{"duration":0,"transform":{}}],"name":"B32"},{"frame":[{"tweenEasing":0,"duration":120,"transform":{},"tweenRotate":-2},{"duration":0,"transform":{}}],"name":"D2"},{"frame":[{"tweenEasing":0,"duration":10,"transform":{}},{"tweenEasing":0,"duration":110,"transform":{}},{"duration":0,"transform":{}}],"name":"T21"},{"frame":[{"tweenEasing":0,"duration":10,"transform":{}},{"tweenEasing":0,"duration":110,"transform":{}},{"duration":0,"transform":{}}],"name":"Z2"},{"frame":[{"tweenEasing":0,"duration":10,"transform":{}},{"tweenEasing":0,"duration":110,"transform":{}},{"duration":0,"transform":{}}],"name":"B3"},{"frame":[{"tweenEasing":0,"duration":10,"transform":{}},{"tweenEasing":0,"duration":110,"transform":{}},{"duration":0,"transform":{}}],"name":"B321"},{"frame":[{"tweenEasing":0,"duration":10,"transform":{}},{"tweenEasing":0,"duration":110,"transform":{}},{"duration":0,"transform":{}}],"name":"Z21"},{"frame":[{"tweenEasing":0,"duration":120,"transform":{}},{"duration":0,"transform":{}}],"name":"bone"},{"frame":[{"tweenEasing":0,"duration":10,"transform":{}},{"tweenEasing":0,"duration":110,"transform":{}},{"duration":0,"transform":{}}],"name":"T2"},{"frame":[{"tweenEasing":0,"duration":120,"transform":{},"tweenRotate":2},{"duration":0,"transform":{}}],"name":"D21"},{"frame":[{"tweenEasing":0,"duration":10,"transform":{}},{"tweenEasing":0,"duration":110,"transform":{}},{"duration":0,"transform":{}}],"name":"ZZ2"},{"frame":[{"tweenEasing":0,"duration":10,"transform":{}},{"tweenEasing":0,"duration":110,"transform":{}},{"duration":0,"transform":{}}],"name":"ZZ21"},{"frame":[{"tweenEasing":0,"duration":10,"transform":{}},{"tweenEasing":0,"duration":10,"transform":{"scX":0.95,"scY":1.05}},{"tweenEasing":0,"duration":10,"transform":{}},{"tweenEasing":0,"duration":10,"transform":{"scX":0.95,"scY":1.05}},{"tweenEasing":0,"duration":10,"transform":{}},{"tweenEasing":0,"duration":10,"transform":{"scX":0.95,"scY":1.05}},{"tweenEasing":0,"duration":10,"transform":{}},{"tweenEasing":0,"duration":10,"transform":{"scX":0.95,"scY":1.05}},{"tweenEasing":0,"duration":10,"transform":{}},{"tweenEasing":0,"duration":10,"transform":{"scX":0.95,"scY":1.05}},{"tweenEasing":0,"duration":10,"transform":{}},{"tweenEasing":0,"duration":10,"transform":{"scX":0.95,"scY":1.05}},{"duration":0,"transform":{}}],"name":"bone2"},{"frame":[{"duration":120,"transform":{}}],"name":"M2"},{"frame":[{"duration":120,"transform":{}}],"name":"M21"},{"frame":[{"duration":120,"transform":{}}],"name":"eth"},{"frame":[{"duration":120,"transform":{}}],"name":"eth1"}],"ffd":[],"duration":120,"zOrder":{"frame":[{"tweenEasing":null,"duration":120,"zOrder":[11,-12,12,-13]}]},"playTimes":0,"frame":[],"slot":[{"frame":[{"displayIndex":-1,"tweenEasing":null,"duration":120}],"name":"ETC3"},{"frame":[{"tweenEasing":null,"duration":120}],"name":"G2"},{"frame":[{"displayIndex":4,"tweenEasing":null,"duration":120}],"name":"B1"},{"frame":[{"displayIndex":-1,"tweenEasing":null,"duration":120}],"name":"D21"},{"frame":[{"displayIndex":-1,"tweenEasing":null,"duration":120}],"name":"D2"},{"frame":[{"displayIndex":4,"tweenEasing":null,"duration":120}],"name":"B"}],"ik":[],"name":"a5"},{"bone":[{"frame":[{"tweenEasing":0,"duration":10,"transform":{}},{"tweenEasing":0,"duration":30,"transform":{}},{"duration":0,"transform":{}}],"name":"root"},{"frame":[{"tweenEasing":0,"duration":10,"transform":{}},{"tweenEasing":0,"duration":30,"transform":{}},{"duration":0,"transform":{}}],"name":"bone1"},{"frame":[{"tweenEasing":0,"duration":10,"transform":{}},{"tweenEasing":0,"duration":30,"transform":{}},{"duration":0,"transform":{}}],"name":"1"},{"frame":[{"tweenEasing":0,"duration":40,"transform":{},"tweenRotate":2},{"duration":0,"transform":{}}],"name":"ETC3"},{"frame":[{"tweenEasing":0,"duration":10,"transform":{}},{"tweenEasing":0,"duration":30,"transform":{}},{"duration":0,"transform":{}}],"name":"B32"},{"frame":[{"tweenEasing":0,"duration":40,"transform":{},"tweenRotate":-2},{"duration":0,"transform":{}}],"name":"D2"},{"frame":[{"tweenEasing":0,"duration":10,"transform":{}},{"tweenEasing":0,"duration":30,"transform":{}},{"duration":0,"transform":{}}],"name":"T21"},{"frame":[{"tweenEasing":0,"duration":10,"transform":{}},{"tweenEasing":0,"duration":30,"transform":{}},{"duration":0,"transform":{}}],"name":"Z2"},{"frame":[{"tweenEasing":0,"duration":10,"transform":{}},{"tweenEasing":0,"duration":30,"transform":{}},{"duration":0,"transform":{}}],"name":"B3"},{"frame":[{"tweenEasing":0,"duration":10,"transform":{}},{"tweenEasing":0,"duration":30,"transform":{}},{"duration":0,"transform":{}}],"name":"B321"},{"frame":[{"tweenEasing":0,"duration":10,"transform":{}},{"tweenEasing":0,"duration":30,"transform":{}},{"duration":0,"transform":{}}],"name":"Z21"},{"frame":[{"tweenEasing":0,"duration":40,"transform":{},"tweenRotate":-2},{"duration":0,"transform":{}}],"name":"bone"},{"frame":[{"tweenEasing":0,"duration":10,"transform":{}},{"tweenEasing":0,"duration":30,"transform":{}},{"duration":0,"transform":{}}],"name":"T2"},{"frame":[{"tweenEasing":0,"duration":40,"transform":{},"tweenRotate":2},{"duration":0,"transform":{}}],"name":"D21"},{"frame":[{"tweenEasing":0,"duration":10,"transform":{}},{"tweenEasing":0,"duration":30,"transform":{}},{"duration":0,"transform":{}}],"name":"ZZ2"},{"frame":[{"tweenEasing":0,"duration":10,"transform":{}},{"tweenEasing":0,"duration":30,"transform":{}},{"duration":0,"transform":{}}],"name":"ZZ21"},{"frame":[{"tweenEasing":0,"duration":10,"transform":{}},{"tweenEasing":0,"duration":10,"transform":{"scX":0.95,"scY":1.05}},{"tweenEasing":0,"duration":10,"transform":{}},{"tweenEasing":0,"duration":10,"transform":{"scX":0.95,"scY":1.05}},{"duration":0,"transform":{}}],"name":"bone2"},{"frame":[{"duration":40,"transform":{}}],"name":"M2"},{"frame":[{"duration":40,"transform":{}}],"name":"M21"},{"frame":[{"duration":40,"transform":{}}],"name":"eth"},{"frame":[{"duration":40,"transform":{}}],"name":"eth1"}],"ffd":[],"duration":40,"zOrder":{"frame":[{"tweenEasing":null,"duration":40,"zOrder":[11,-12,12,-13]}]},"playTimes":0,"frame":[],"slot":[{"frame":[{"displayIndex":-1,"tweenEasing":null,"duration":40}],"name":"ETC3"},{"frame":[{"tweenEasing":null,"duration":40}],"name":"G2"},{"frame":[{"displayIndex":4,"tweenEasing":null,"duration":40}],"name":"B1"},{"frame":[{"displayIndex":-1,"tweenEasing":null,"duration":40}],"name":"D21"},{"frame":[{"displayIndex":-1,"tweenEasing":null,"duration":40}],"name":"D2"},{"frame":[{"displayIndex":4,"tweenEasing":null,"duration":40}],"name":"B"}],"ik":[],"name":"a5_1"},{"bone":[{"frame":[{"tweenEasing":0,"duration":10,"transform":{}},{"tweenEasing":0,"duration":110,"transform":{}},{"duration":0,"transform":{}}],"name":"root"},{"frame":[{"tweenEasing":0,"duration":10,"transform":{}},{"tweenEasing":0,"duration":110,"transform":{}},{"duration":0,"transform":{}}],"name":"bone1"},{"frame":[{"tweenEasing":0,"duration":10,"transform":{}},{"tweenEasing":0,"duration":110,"transform":{}},{"duration":0,"transform":{}}],"name":"1"},{"frame":[{"tweenEasing":0,"duration":120,"transform":{},"tweenRotate":2},{"duration":0,"transform":{}}],"name":"ETC3"},{"frame":[{"tweenEasing":0,"duration":10,"transform":{}},{"tweenEasing":0,"duration":110,"transform":{}},{"duration":0,"transform":{}}],"name":"B32"},{"frame":[{"tweenEasing":0,"duration":120,"transform":{},"tweenRotate":-2},{"duration":0,"transform":{}}],"name":"D2"},{"frame":[{"tweenEasing":0,"duration":10,"transform":{}},{"tweenEasing":0,"duration":110,"transform":{}},{"duration":0,"transform":{}}],"name":"T21"},{"frame":[{"tweenEasing":0,"duration":10,"transform":{}},{"tweenEasing":0,"duration":110,"transform":{}},{"duration":0,"transform":{}}],"name":"Z2"},{"frame":[{"tweenEasing":0,"duration":10,"transform":{}},{"tweenEasing":0,"duration":110,"transform":{}},{"duration":0,"transform":{}}],"name":"B3"},{"frame":[{"tweenEasing":0,"duration":10,"transform":{}},{"tweenEasing":0,"duration":110,"transform":{}},{"duration":0,"transform":{}}],"name":"B321"},{"frame":[{"tweenEasing":0,"duration":10,"transform":{}},{"tweenEasing":0,"duration":110,"transform":{}},{"duration":0,"transform":{}}],"name":"Z21"},{"frame":[{"tweenEasing":0,"duration":120,"transform":{}},{"duration":0,"transform":{}}],"name":"bone"},{"frame":[{"tweenEasing":0,"duration":10,"transform":{}},{"tweenEasing":0,"duration":110,"transform":{}},{"duration":0,"transform":{}}],"name":"T2"},{"frame":[{"tweenEasing":0,"duration":120,"transform":{},"tweenRotate":2},{"duration":0,"transform":{}}],"name":"D21"},{"frame":[{"tweenEasing":0,"duration":10,"transform":{}},{"tweenEasing":0,"duration":110,"transform":{}},{"duration":0,"transform":{}}],"name":"ZZ2"},{"frame":[{"tweenEasing":0,"duration":10,"transform":{}},{"tweenEasing":0,"duration":110,"transform":{}},{"duration":0,"transform":{}}],"name":"ZZ21"},{"frame":[{"tweenEasing":0,"duration":10,"transform":{}},{"tweenEasing":0,"duration":10,"transform":{"scX":0.95,"scY":1.05}},{"tweenEasing":0,"duration":10,"transform":{}},{"tweenEasing":0,"duration":10,"transform":{"scX":0.95,"scY":1.05}},{"tweenEasing":0,"duration":10,"transform":{}},{"tweenEasing":0,"duration":10,"transform":{"scX":0.95,"scY":1.05}},{"tweenEasing":0,"duration":10,"transform":{}},{"tweenEasing":0,"duration":10,"transform":{"scX":0.95,"scY":1.05}},{"tweenEasing":0,"duration":10,"transform":{}},{"tweenEasing":0,"duration":10,"transform":{"scX":0.95,"scY":1.05}},{"tweenEasing":0,"duration":10,"transform":{}},{"tweenEasing":0,"duration":10,"transform":{"scX":0.95,"scY":1.05}},{"duration":0,"transform":{}}],"name":"bone2"},{"frame":[{"tweenEasing":0,"duration":10,"transform":{}},{"tweenEasing":0,"duration":10,"transform":{"scX":0.9,"scY":1.1}},{"tweenEasing":0,"duration":10,"transform":{}},{"tweenEasing":0,"duration":10,"transform":{"scX":0.9,"scY":1.1}},{"tweenEasing":0,"duration":10,"transform":{}},{"tweenEasing":0,"duration":10,"transform":{"scX":0.9,"scY":1.1}},{"tweenEasing":0,"duration":10,"transform":{}},{"tweenEasing":0,"duration":10,"transform":{"scX":0.9,"scY":1.1}},{"tweenEasing":0,"duration":10,"transform":{}},{"tweenEasing":0,"duration":10,"transform":{"scX":0.9,"scY":1.1}},{"tweenEasing":0,"duration":10,"transform":{}},{"tweenEasing":0,"duration":10,"transform":{"scX":0.9,"scY":1.1}},{"duration":0,"transform":{}}],"name":"M2"},{"frame":[{"tweenEasing":0,"duration":10,"transform":{}},{"tweenEasing":0,"duration":10,"transform":{"scX":1.1,"scY":0.9}},{"tweenEasing":0,"duration":10,"transform":{}},{"tweenEasing":0,"duration":10,"transform":{"scX":1.1,"scY":0.9}},{"tweenEasing":0,"duration":10,"transform":{}},{"tweenEasing":0,"duration":10,"transform":{"scX":1.1,"scY":0.9}},{"tweenEasing":0,"duration":10,"transform":{}},{"tweenEasing":0,"duration":10,"transform":{"scX":1.1,"scY":0.9}},{"tweenEasing":0,"duration":10,"transform":{}},{"tweenEasing":0,"duration":10,"transform":{"scX":1.1,"scY":0.9}},{"tweenEasing":0,"duration":10,"transform":{}},{"tweenEasing":0,"duration":10,"transform":{"scX":1.1,"scY":0.9}},{"duration":0,"transform":{}}],"name":"M21"},{"frame":[{"duration":120,"transform":{}}],"name":"eth"},{"frame":[{"duration":120,"transform":{}}],"name":"eth1"}],"ffd":[],"duration":120,"zOrder":{"frame":[{"tweenEasing":null,"duration":120,"zOrder":[11,21,12,19,13,16,14,13,15,10,16,7,17,9,20,16,22,6,24,9,27,-11,28,-11,29,-10,30,-9,32,-32,33,-32,35,-21,36,-29]}]},"playTimes":0,"frame":[],"slot":[{"frame":[{"displayIndex":-1,"tweenEasing":null,"duration":120}],"name":"ETC3"},{"frame":[{"displayIndex":-1,"tweenEasing":null,"duration":120}],"name":"G2"},{"frame":[{"tweenEasing":null,"duration":120}],"name":"M2"},{"frame":[{"displayIndex":6,"tweenEasing":null,"duration":120}],"name":"B1"},{"frame":[{"displayIndex":-1,"tweenEasing":null,"duration":120}],"name":"D21"},{"frame":[{"displayIndex":-1,"tweenEasing":null,"duration":120}],"name":"D2"},{"frame":[{"displayIndex":6,"tweenEasing":null,"duration":120}],"name":"B"},{"frame":[{"tweenEasing":null,"duration":120}],"name":"M21"}],"ik":[],"name":"a7"},{"bone":[{"frame":[{"tweenEasing":0,"duration":10,"transform":{}},{"duration":30,"transform":{}}],"name":"root"},{"frame":[{"tweenEasing":0,"duration":10,"transform":{}},{"duration":30,"transform":{}}],"name":"bone1"},{"frame":[{"tweenEasing":0,"duration":10,"transform":{}},{"duration":30,"transform":{}}],"name":"1"},{"frame":[{"duration":40,"transform":{},"tweenRotate":2}],"name":"ETC3"},{"frame":[{"tweenEasing":0,"duration":10,"transform":{}},{"duration":30,"transform":{}}],"name":"B32"},{"frame":[{"duration":40,"transform":{},"tweenRotate":-2}],"name":"D2"},{"frame":[{"tweenEasing":0,"duration":10,"transform":{}},{"duration":30,"transform":{}}],"name":"T21"},{"frame":[{"tweenEasing":0,"duration":10,"transform":{}},{"duration":30,"transform":{}}],"name":"Z2"},{"frame":[{"tweenEasing":0,"duration":10,"transform":{}},{"duration":30,"transform":{}}],"name":"B3"},{"frame":[{"tweenEasing":0,"duration":10,"transform":{}},{"duration":30,"transform":{}}],"name":"B321"},{"frame":[{"tweenEasing":0,"duration":10,"transform":{}},{"duration":30,"transform":{}}],"name":"Z21"},{"frame":[{"tweenEasing":0,"duration":40,"transform":{},"tweenRotate":3},{"duration":0,"transform":{}}],"name":"bone"},{"frame":[{"tweenEasing":0,"duration":10,"transform":{}},{"duration":30,"transform":{}}],"name":"T2"},{"frame":[{"duration":40,"transform":{},"tweenRotate":2}],"name":"D21"},{"frame":[{"tweenEasing":0,"duration":10,"transform":{}},{"duration":30,"transform":{}}],"name":"ZZ2"},{"frame":[{"tweenEasing":0,"duration":10,"transform":{}},{"duration":30,"transform":{}}],"name":"ZZ21"},{"frame":[{"tweenEasing":0,"duration":10,"transform":{}},{"tweenEasing":0,"duration":10,"transform":{"scX":0.95,"scY":1.05}},{"tweenEasing":0,"duration":10,"transform":{}},{"tweenEasing":0,"duration":10,"transform":{"scX":0.95,"scY":1.05}},{"duration":0,"transform":{}}],"name":"bone2"},{"frame":[{"tweenEasing":0,"duration":5,"transform":{},"tweenRotate":2},{"tweenEasing":0,"duration":5,"transform":{"scX":0.8,"scY":1.2}},{"tweenEasing":0,"duration":5,"transform":{}},{"tweenEasing":0,"duration":5,"transform":{"scX":0.8,"scY":1.2}},{"tweenEasing":0,"duration":5,"transform":{}},{"tweenEasing":0,"duration":5,"transform":{"scX":0.8,"scY":1.2}},{"tweenEasing":0,"duration":5,"transform":{}},{"tweenEasing":0,"duration":5,"transform":{"scX":0.8,"scY":1.2}},{"duration":0,"transform":{}}],"name":"M2"},{"frame":[{"tweenEasing":0,"duration":5,"transform":{},"tweenRotate":-2},{"tweenEasing":0,"duration":5,"transform":{"scX":1.2,"scY":0.8}},{"tweenEasing":0,"duration":5,"transform":{}},{"tweenEasing":0,"duration":5,"transform":{"scX":1.2,"scY":0.8}},{"tweenEasing":0,"duration":5,"transform":{}},{"tweenEasing":0,"duration":5,"transform":{"scX":1.2,"scY":0.8}},{"tweenEasing":0,"duration":5,"transform":{}},{"tweenEasing":0,"duration":5,"transform":{"scX":1.2,"scY":0.8}},{"duration":0,"transform":{}}],"name":"M21"},{"frame":[{"duration":40,"transform":{}}],"name":"eth"},{"frame":[{"duration":40,"transform":{}}],"name":"eth1"}],"ffd":[],"duration":40,"zOrder":{"frame":[{"tweenEasing":null,"duration":40,"zOrder":[11,21,12,19,13,16,14,13,15,10,16,7,17,9,20,16,22,6,24,9,27,-11,28,-11,29,-10,30,-9,32,-32,33,-32,35,-21,36,-29]}]},"playTimes":0,"frame":[],"slot":[{"frame":[{"displayIndex":-1,"tweenEasing":null,"duration":40}],"name":"ETC3"},{"frame":[{"displayIndex":-1,"tweenEasing":null,"duration":40}],"name":"G2"},{"frame":[{"tweenEasing":null,"duration":40}],"name":"M2"},{"frame":[{"displayIndex":6,"tweenEasing":null,"duration":40}],"name":"B1"},{"frame":[{"displayIndex":-1,"tweenEasing":null,"duration":40}],"name":"D21"},{"frame":[{"displayIndex":-1,"tweenEasing":null,"duration":40}],"name":"D2"},{"frame":[{"displayIndex":6,"tweenEasing":null,"duration":40}],"name":"B"},{"frame":[{"tweenEasing":null,"duration":40}],"name":"M21"}],"ik":[],"name":"a7_1"},{"bone":[{"frame":[{"tweenEasing":0,"duration":10,"transform":{}},{"tweenEasing":0,"duration":110,"transform":{}},{"duration":0,"transform":{}}],"name":"root"},{"frame":[{"tweenEasing":0,"duration":10,"transform":{}},{"tweenEasing":0,"duration":110,"transform":{}},{"duration":0,"transform":{}}],"name":"bone1"},{"frame":[{"tweenEasing":0,"duration":10,"transform":{}},{"tweenEasing":0,"duration":110,"transform":{}},{"duration":0,"transform":{}}],"name":"1"},{"frame":[{"tweenEasing":0,"duration":120,"transform":{},"tweenRotate":2},{"duration":0,"transform":{}}],"name":"ETC3"},{"frame":[{"tweenEasing":0,"duration":10,"transform":{}},{"tweenEasing":0,"duration":110,"transform":{}},{"duration":0,"transform":{}}],"name":"B32"},{"frame":[{"tweenEasing":0,"duration":120,"transform":{},"tweenRotate":-2},{"duration":0,"transform":{}}],"name":"D2"},{"frame":[{"tweenEasing":0,"duration":120,"transform":{},"tweenRotate":-2},{"duration":0,"transform":{}}],"name":"T21"},{"frame":[{"tweenEasing":0,"duration":10,"transform":{}},{"tweenEasing":0,"duration":110,"transform":{}},{"duration":0,"transform":{}}],"name":"Z2"},{"frame":[{"tweenEasing":0,"duration":10,"transform":{}},{"tweenEasing":0,"duration":110,"transform":{}},{"duration":0,"transform":{}}],"name":"B3"},{"frame":[{"tweenEasing":0,"duration":10,"transform":{}},{"tweenEasing":0,"duration":110,"transform":{}},{"duration":0,"transform":{}}],"name":"B321"},{"frame":[{"tweenEasing":0,"duration":10,"transform":{}},{"tweenEasing":0,"duration":110,"transform":{}},{"duration":0,"transform":{}}],"name":"Z21"},{"frame":[{"tweenEasing":0,"duration":120,"transform":{}},{"duration":0,"transform":{}}],"name":"bone"},{"frame":[{"tweenEasing":0,"duration":120,"transform":{},"tweenRotate":2},{"duration":0,"transform":{}}],"name":"T2"},{"frame":[{"tweenEasing":0,"duration":120,"transform":{},"tweenRotate":2},{"duration":0,"transform":{}}],"name":"D21"},{"frame":[{"tweenEasing":0,"duration":10,"transform":{}},{"tweenEasing":0,"duration":110,"transform":{}},{"duration":0,"transform":{}}],"name":"ZZ2"},{"frame":[{"tweenEasing":0,"duration":10,"transform":{}},{"tweenEasing":0,"duration":110,"transform":{}},{"duration":0,"transform":{}}],"name":"ZZ21"},{"frame":[{"tweenEasing":0,"duration":10,"transform":{}},{"tweenEasing":0,"duration":10,"transform":{"scX":0.95,"scY":1.05}},{"tweenEasing":0,"duration":10,"transform":{}},{"tweenEasing":0,"duration":10,"transform":{"scX":0.95,"scY":1.05}},{"tweenEasing":0,"duration":10,"transform":{}},{"tweenEasing":0,"duration":10,"transform":{"scX":0.95,"scY":1.05}},{"tweenEasing":0,"duration":10,"transform":{}},{"tweenEasing":0,"duration":10,"transform":{"scX":0.95,"scY":1.05}},{"tweenEasing":0,"duration":10,"transform":{}},{"tweenEasing":0,"duration":10,"transform":{"scX":0.95,"scY":1.05}},{"tweenEasing":0,"duration":10,"transform":{}},{"tweenEasing":0,"duration":10,"transform":{"scX":0.95,"scY":1.05}},{"duration":0,"transform":{}}],"name":"bone2"},{"frame":[{"duration":120,"transform":{}}],"name":"M2"},{"frame":[{"duration":120,"transform":{}}],"name":"M21"},{"frame":[{"duration":120,"transform":{}}],"name":"eth"},{"frame":[{"duration":120,"transform":{}}],"name":"eth1"}],"ffd":[],"duration":120,"zOrder":{"frame":[{"tweenEasing":null,"duration":120,"zOrder":[11,-12,12,-13]}]},"playTimes":0,"frame":[],"slot":[{"frame":[{"displayIndex":-1,"tweenEasing":null,"duration":120}],"name":"ETC3"},{"frame":[{"displayIndex":-1,"tweenEasing":null,"duration":120}],"name":"G2"},{"frame":[{"tweenEasing":null,"duration":120}],"name":"T21"},{"frame":[{"tweenEasing":null,"duration":120}],"name":"T2"},{"frame":[{"displayIndex":7,"tweenEasing":null,"duration":120}],"name":"B1"},{"frame":[{"displayIndex":-1,"tweenEasing":null,"duration":120}],"name":"D21"},{"frame":[{"displayIndex":-1,"tweenEasing":null,"duration":120}],"name":"D2"},{"frame":[{"displayIndex":7,"tweenEasing":null,"duration":120}],"name":"B"}],"ik":[],"name":"a8"},{"bone":[{"frame":[{"tweenEasing":0,"duration":10,"transform":{}},{"tweenEasing":0,"duration":30,"transform":{}},{"duration":0,"transform":{}}],"name":"root"},{"frame":[{"tweenEasing":0,"duration":10,"transform":{}},{"tweenEasing":0,"duration":30,"transform":{}},{"duration":0,"transform":{}}],"name":"bone1"},{"frame":[{"tweenEasing":0,"duration":10,"transform":{}},{"tweenEasing":0,"duration":30,"transform":{}},{"duration":0,"transform":{}}],"name":"1"},{"frame":[{"tweenEasing":0,"duration":40,"transform":{},"tweenRotate":2},{"duration":0,"transform":{}}],"name":"ETC3"},{"frame":[{"tweenEasing":0,"duration":10,"transform":{}},{"tweenEasing":0,"duration":30,"transform":{}},{"duration":0,"transform":{}}],"name":"B32"},{"frame":[{"tweenEasing":0,"duration":40,"transform":{},"tweenRotate":-2},{"duration":0,"transform":{}}],"name":"D2"},{"frame":[{"tweenEasing":0,"duration":40,"transform":{},"tweenRotate":2},{"duration":0,"transform":{}}],"name":"T21"},{"frame":[{"tweenEasing":0,"duration":10,"transform":{}},{"tweenEasing":0,"duration":30,"transform":{}},{"duration":0,"transform":{}}],"name":"Z2"},{"frame":[{"tweenEasing":0,"duration":10,"transform":{}},{"tweenEasing":0,"duration":30,"transform":{}},{"duration":0,"transform":{}}],"name":"B3"},{"frame":[{"tweenEasing":0,"duration":10,"transform":{}},{"tweenEasing":0,"duration":30,"transform":{}},{"duration":0,"transform":{}}],"name":"B321"},{"frame":[{"tweenEasing":0,"duration":10,"transform":{}},{"tweenEasing":0,"duration":30,"transform":{}},{"duration":0,"transform":{}}],"name":"Z21"},{"frame":[{"tweenEasing":0,"duration":40,"transform":{},"tweenRotate":-2},{"duration":0,"transform":{}}],"name":"bone"},{"frame":[{"tweenEasing":0,"duration":40,"transform":{},"tweenRotate":2},{"duration":0,"transform":{}}],"name":"T2"},{"frame":[{"tweenEasing":0,"duration":40,"transform":{},"tweenRotate":2},{"duration":0,"transform":{}}],"name":"D21"},{"frame":[{"tweenEasing":0,"duration":10,"transform":{}},{"tweenEasing":0,"duration":30,"transform":{}},{"duration":0,"transform":{}}],"name":"ZZ2"},{"frame":[{"tweenEasing":0,"duration":10,"transform":{}},{"tweenEasing":0,"duration":30,"transform":{}},{"duration":0,"transform":{}}],"name":"ZZ21"},{"frame":[{"tweenEasing":0,"duration":10,"transform":{}},{"tweenEasing":0,"duration":10,"transform":{"scX":0.95,"scY":1.05}},{"tweenEasing":0,"duration":10,"transform":{}},{"tweenEasing":0,"duration":10,"transform":{"scX":0.95,"scY":1.05}},{"duration":0,"transform":{}}],"name":"bone2"},{"frame":[{"duration":40,"transform":{}}],"name":"M2"},{"frame":[{"duration":40,"transform":{}}],"name":"M21"},{"frame":[{"duration":40,"transform":{}}],"name":"eth"},{"frame":[{"duration":40,"transform":{}}],"name":"eth1"}],"ffd":[],"duration":40,"zOrder":{"frame":[{"tweenEasing":null,"duration":40,"zOrder":[11,-12,12,-13]}]},"playTimes":0,"frame":[],"slot":[{"frame":[{"displayIndex":-1,"tweenEasing":null,"duration":40}],"name":"ETC3"},{"frame":[{"displayIndex":-1,"tweenEasing":null,"duration":40}],"name":"G2"},{"frame":[{"tweenEasing":null,"duration":40}],"name":"T21"},{"frame":[{"tweenEasing":null,"duration":40}],"name":"T2"},{"frame":[{"displayIndex":7,"tweenEasing":null,"duration":40}],"name":"B1"},{"frame":[{"displayIndex":-1,"tweenEasing":null,"duration":40}],"name":"D21"},{"frame":[{"displayIndex":-1,"tweenEasing":null,"duration":40}],"name":"D2"},{"frame":[{"displayIndex":7,"tweenEasing":null,"duration":40}],"name":"B"}],"ik":[],"name":"a8_1"},{"bone":[{"frame":[{"tweenEasing":0,"duration":10,"transform":{}},{"tweenEasing":0,"duration":110,"transform":{}},{"duration":0,"transform":{}}],"name":"root"},{"frame":[{"tweenEasing":0,"duration":10,"transform":{}},{"tweenEasing":0,"duration":110,"transform":{}},{"duration":0,"transform":{}}],"name":"bone1"},{"frame":[{"tweenEasing":0,"duration":10,"transform":{}},{"tweenEasing":0,"duration":110,"transform":{}},{"duration":0,"transform":{}}],"name":"1"},{"frame":[{"tweenEasing":0,"duration":120,"transform":{},"tweenRotate":2},{"duration":0,"transform":{}}],"name":"ETC3"},{"frame":[{"tweenEasing":0,"duration":10,"transform":{}},{"tweenEasing":0,"duration":110,"transform":{}},{"duration":0,"transform":{}}],"name":"B32"},{"frame":[{"tweenEasing":0,"duration":120,"transform":{},"tweenRotate":-2},{"duration":0,"transform":{}}],"name":"D2"},{"frame":[{"tweenEasing":0,"duration":120,"transform":{},"tweenRotate":-2},{"duration":0,"transform":{}}],"name":"T21"},{"frame":[{"tweenEasing":0,"duration":120,"transform":{},"tweenRotate":2},{"duration":0,"transform":{}}],"name":"Z2"},{"frame":[{"tweenEasing":0,"duration":10,"transform":{}},{"tweenEasing":0,"duration":110,"transform":{}},{"duration":0,"transform":{}}],"name":"B3"},{"frame":[{"tweenEasing":0,"duration":10,"transform":{}},{"tweenEasing":0,"duration":110,"transform":{}},{"duration":0,"transform":{}}],"name":"B321"},{"frame":[{"tweenEasing":0,"duration":120,"transform":{},"tweenRotate":-2},{"duration":0,"transform":{}}],"name":"Z21"},{"frame":[{"tweenEasing":0,"duration":120,"transform":{}},{"duration":0,"transform":{}}],"name":"bone"},{"frame":[{"tweenEasing":0,"duration":120,"transform":{},"tweenRotate":2},{"duration":0,"transform":{}}],"name":"T2"},{"frame":[{"tweenEasing":0,"duration":120,"transform":{},"tweenRotate":2},{"duration":0,"transform":{}}],"name":"D21"},{"frame":[{"tweenEasing":0,"duration":10,"transform":{}},{"tweenEasing":0,"duration":110,"transform":{}},{"duration":0,"transform":{}}],"name":"ZZ2"},{"frame":[{"tweenEasing":0,"duration":10,"transform":{}},{"tweenEasing":0,"duration":110,"transform":{}},{"duration":0,"transform":{}}],"name":"ZZ21"},{"frame":[{"tweenEasing":0,"duration":10,"transform":{}},{"tweenEasing":0,"duration":10,"transform":{"scX":0.95,"scY":1.05}},{"tweenEasing":0,"duration":10,"transform":{}},{"tweenEasing":0,"duration":10,"transform":{"scX":0.95,"scY":1.05}},{"tweenEasing":0,"duration":10,"transform":{}},{"tweenEasing":0,"duration":10,"transform":{"scX":0.95,"scY":1.05}},{"tweenEasing":0,"duration":10,"transform":{}},{"tweenEasing":0,"duration":10,"transform":{"scX":0.95,"scY":1.05}},{"tweenEasing":0,"duration":10,"transform":{}},{"tweenEasing":0,"duration":10,"transform":{"scX":0.95,"scY":1.05}},{"tweenEasing":0,"duration":10,"transform":{}},{"tweenEasing":0,"duration":10,"transform":{"scX":0.95,"scY":1.05}},{"duration":0,"transform":{}}],"name":"bone2"},{"frame":[{"duration":120,"transform":{}}],"name":"M2"},{"frame":[{"duration":120,"transform":{}}],"name":"M21"},{"frame":[{"duration":120,"transform":{}}],"name":"eth"},{"frame":[{"duration":120,"transform":{}}],"name":"eth1"}],"ffd":[],"duration":120,"zOrder":{"frame":[{"tweenEasing":null,"duration":120,"zOrder":[11,-12,12,-13]}]},"playTimes":0,"frame":[],"slot":[{"frame":[{"displayIndex":-1,"tweenEasing":null,"duration":120}],"name":"ETC3"},{"frame":[{"displayIndex":-1,"tweenEasing":null,"duration":120}],"name":"G2"},{"frame":[{"displayIndex":-1,"tweenEasing":null,"duration":120}],"name":"T21"},{"frame":[{"displayIndex":-1,"tweenEasing":null,"duration":120}],"name":"T2"},{"frame":[{"tweenEasing":null,"duration":120}],"name":"Z21"},{"frame":[{"tweenEasing":null,"duration":120}],"name":"Z2"},{"frame":[{"displayIndex":-1,"tweenEasing":null,"duration":120}],"name":"ZZ2"},{"frame":[{"displayIndex":8,"tweenEasing":null,"duration":120}],"name":"B1"},{"frame":[{"displayIndex":-1,"tweenEasing":null,"duration":120}],"name":"D21"},{"frame":[{"displayIndex":-1,"tweenEasing":null,"duration":120}],"name":"D2"},{"frame":[{"displayIndex":8,"tweenEasing":null,"duration":120}],"name":"B"},{"frame":[{"displayIndex":-1,"tweenEasing":null,"duration":120}],"name":"ZZ21"}],"ik":[],"name":"a9"},{"bone":[{"frame":[{"tweenEasing":0,"duration":10,"transform":{}},{"tweenEasing":0,"duration":30,"transform":{}},{"duration":0,"transform":{}}],"name":"root"},{"frame":[{"tweenEasing":0,"duration":10,"transform":{}},{"tweenEasing":0,"duration":30,"transform":{}},{"duration":0,"transform":{}}],"name":"bone1"},{"frame":[{"tweenEasing":0,"duration":10,"transform":{}},{"tweenEasing":0,"duration":30,"transform":{}},{"duration":0,"transform":{}}],"name":"1"},{"frame":[{"tweenEasing":0,"duration":40,"transform":{},"tweenRotate":2},{"duration":0,"transform":{}}],"name":"ETC3"},{"frame":[{"tweenEasing":0,"duration":10,"transform":{}},{"tweenEasing":0,"duration":30,"transform":{}},{"duration":0,"transform":{}}],"name":"B32"},{"frame":[{"tweenEasing":0,"duration":40,"transform":{},"tweenRotate":-2},{"duration":0,"transform":{}}],"name":"D2"},{"frame":[{"tweenEasing":0,"duration":40,"transform":{},"tweenRotate":2},{"duration":0,"transform":{}}],"name":"T21"},{"frame":[{"tweenEasing":0,"duration":40,"transform":{},"tweenRotate":2},{"duration":0,"transform":{}}],"name":"Z2"},{"frame":[{"tweenEasing":0,"duration":10,"transform":{}},{"tweenEasing":0,"duration":30,"transform":{}},{"duration":0,"transform":{}}],"name":"B3"},{"frame":[{"tweenEasing":0,"duration":10,"transform":{}},{"tweenEasing":0,"duration":30,"transform":{}},{"duration":0,"transform":{}}],"name":"B321"},{"frame":[{"tweenEasing":0,"duration":40,"transform":{},"tweenRotate":-2},{"duration":0,"transform":{}}],"name":"Z21"},{"frame":[{"tweenEasing":0,"duration":40,"transform":{},"tweenRotate":-2},{"duration":0,"transform":{}}],"name":"bone"},{"frame":[{"tweenEasing":0,"duration":40,"transform":{},"tweenRotate":2},{"duration":0,"transform":{}}],"name":"T2"},{"frame":[{"tweenEasing":0,"duration":40,"transform":{},"tweenRotate":2},{"duration":0,"transform":{}}],"name":"D21"},{"frame":[{"tweenEasing":0,"duration":10,"transform":{}},{"tweenEasing":0,"duration":30,"transform":{}},{"duration":0,"transform":{}}],"name":"ZZ2"},{"frame":[{"tweenEasing":0,"duration":10,"transform":{}},{"tweenEasing":0,"duration":30,"transform":{}},{"duration":0,"transform":{}}],"name":"ZZ21"},{"frame":[{"tweenEasing":0,"duration":10,"transform":{}},{"tweenEasing":0,"duration":10,"transform":{"scX":0.95,"scY":1.05}},{"tweenEasing":0,"duration":10,"transform":{}},{"tweenEasing":0,"duration":10,"transform":{"scX":0.95,"scY":1.05}},{"duration":0,"transform":{}}],"name":"bone2"},{"frame":[{"duration":40,"transform":{}}],"name":"M2"},{"frame":[{"duration":40,"transform":{}}],"name":"M21"},{"frame":[{"duration":40,"transform":{}}],"name":"eth"},{"frame":[{"duration":40,"transform":{}}],"name":"eth1"}],"ffd":[],"duration":40,"zOrder":{"frame":[{"tweenEasing":null,"duration":40,"zOrder":[11,-12,12,-13]}]},"playTimes":0,"frame":[],"slot":[{"frame":[{"displayIndex":-1,"tweenEasing":null,"duration":40}],"name":"ETC3"},{"frame":[{"displayIndex":-1,"tweenEasing":null,"duration":40}],"name":"G2"},{"frame":[{"displayIndex":-1,"tweenEasing":null,"duration":40}],"name":"T21"},{"frame":[{"displayIndex":-1,"tweenEasing":null,"duration":40}],"name":"T2"},{"frame":[{"tweenEasing":null,"duration":40}],"name":"Z21"},{"frame":[{"tweenEasing":null,"duration":40}],"name":"Z2"},{"frame":[{"displayIndex":8,"tweenEasing":null,"duration":40}],"name":"B1"},{"frame":[{"displayIndex":-1,"tweenEasing":null,"duration":40}],"name":"D21"},{"frame":[{"displayIndex":-1,"tweenEasing":null,"duration":40}],"name":"D2"},{"frame":[{"displayIndex":8,"tweenEasing":null,"duration":40}],"name":"B"}],"ik":[],"name":"a9_1"},{"bone":[{"frame":[{"tweenEasing":0,"duration":10,"transform":{}},{"tweenEasing":0,"duration":110,"transform":{}},{"duration":0,"transform":{}}],"name":"root"},{"frame":[{"tweenEasing":0,"duration":10,"transform":{}},{"tweenEasing":0,"duration":110,"transform":{}},{"duration":0,"transform":{}}],"name":"bone1"},{"frame":[{"tweenEasing":0,"duration":10,"transform":{}},{"tweenEasing":0,"duration":110,"transform":{}},{"duration":0,"transform":{}}],"name":"1"},{"frame":[{"tweenEasing":0,"duration":120,"transform":{},"tweenRotate":2},{"duration":0,"transform":{}}],"name":"ETC3"},{"frame":[{"tweenEasing":0,"duration":10,"transform":{}},{"tweenEasing":0,"duration":110,"transform":{}},{"duration":0,"transform":{}}],"name":"B32"},{"frame":[{"tweenEasing":0,"duration":120,"transform":{},"tweenRotate":-2},{"duration":0,"transform":{}}],"name":"D2"},{"frame":[{"tweenEasing":0,"duration":120,"transform":{},"tweenRotate":-2},{"duration":0,"transform":{}}],"name":"T21"},{"frame":[{"tweenEasing":0,"duration":120,"transform":{},"tweenRotate":2},{"duration":0,"transform":{}}],"name":"Z2"},{"frame":[{"tweenEasing":0,"duration":10,"transform":{}},{"tweenEasing":0,"duration":110,"transform":{}},{"duration":0,"transform":{}}],"name":"B3"},{"frame":[{"tweenEasing":0,"duration":10,"transform":{}},{"tweenEasing":0,"duration":110,"transform":{}},{"duration":0,"transform":{}}],"name":"B321"},{"frame":[{"tweenEasing":0,"duration":120,"transform":{},"tweenRotate":-2},{"duration":0,"transform":{}}],"name":"Z21"},{"frame":[{"tweenEasing":0,"duration":120,"transform":{}},{"duration":0,"transform":{}}],"name":"bone"},{"frame":[{"tweenEasing":0,"duration":120,"transform":{},"tweenRotate":2},{"duration":0,"transform":{}}],"name":"T2"},{"frame":[{"tweenEasing":0,"duration":120,"transform":{},"tweenRotate":2},{"duration":0,"transform":{}}],"name":"D21"},{"frame":[{"tweenEasing":0,"duration":120,"transform":{},"tweenRotate":2},{"duration":0,"transform":{}}],"name":"ZZ2"},{"frame":[{"tweenEasing":0,"duration":120,"transform":{},"tweenRotate":-2},{"duration":0,"transform":{}}],"name":"ZZ21"},{"frame":[{"tweenEasing":0,"duration":10,"transform":{}},{"tweenEasing":0,"duration":10,"transform":{"scX":0.95,"scY":1.05}},{"tweenEasing":0,"duration":10,"transform":{}},{"tweenEasing":0,"duration":10,"transform":{"scX":0.95,"scY":1.05}},{"tweenEasing":0,"duration":10,"transform":{}},{"tweenEasing":0,"duration":10,"transform":{"scX":0.95,"scY":1.05}},{"tweenEasing":0,"duration":10,"transform":{}},{"tweenEasing":0,"duration":10,"transform":{"scX":0.95,"scY":1.05}},{"tweenEasing":0,"duration":10,"transform":{}},{"tweenEasing":0,"duration":10,"transform":{"scX":0.95,"scY":1.05}},{"tweenEasing":0,"duration":10,"transform":{}},{"tweenEasing":0,"duration":10,"transform":{"scX":0.95,"scY":1.05}},{"duration":0,"transform":{}}],"name":"bone2"},{"frame":[{"duration":120,"transform":{}}],"name":"M2"},{"frame":[{"duration":120,"transform":{}}],"name":"M21"},{"frame":[{"duration":120,"transform":{}}],"name":"eth"},{"frame":[{"duration":120,"transform":{}}],"name":"eth1"}],"ffd":[],"duration":120,"zOrder":{"frame":[{"tweenEasing":null,"duration":120,"zOrder":[10,-8,11,16,12,13,13,8,15,11,19,-2,21,15,22,-3,23,7,24,5,26,-3,27,4,28,0,29,-9,30,-8,31,-17,32,-32,33,-30,34,-19,35,-34,36,-20]}]},"playTimes":0,"frame":[],"slot":[{"frame":[{"displayIndex":-1,"tweenEasing":null,"duration":120}],"name":"ETC3"},{"frame":[{"displayIndex":-1,"tweenEasing":null,"duration":120}],"name":"G2"},{"frame":[{"displayIndex":-1,"tweenEasing":null,"duration":120}],"name":"T21"},{"frame":[{"displayIndex":-1,"tweenEasing":null,"duration":120}],"name":"T2"},{"frame":[{"displayIndex":-1,"tweenEasing":null,"duration":120}],"name":"Z21"},{"frame":[{"displayIndex":-1,"tweenEasing":null,"duration":120}],"name":"Z2"},{"frame":[{"tweenEasing":null,"duration":120}],"name":"ZZ2"},{"frame":[{"displayIndex":9,"tweenEasing":null,"duration":120}],"name":"B1"},{"frame":[{"displayIndex":-1,"tweenEasing":null,"duration":120}],"name":"D21"},{"frame":[{"displayIndex":-1,"tweenEasing":null,"duration":120}],"name":"D2"},{"frame":[{"displayIndex":9,"tweenEasing":null,"duration":120}],"name":"B"},{"frame":[{"tweenEasing":null,"duration":120}],"name":"ZZ21"}],"ik":[],"name":"a10"},{"bone":[{"frame":[{"tweenEasing":0,"duration":10,"transform":{}},{"tweenEasing":0,"duration":30,"transform":{}},{"duration":0,"transform":{}}],"name":"root"},{"frame":[{"tweenEasing":0,"duration":10,"transform":{}},{"tweenEasing":0,"duration":30,"transform":{}},{"duration":0,"transform":{}}],"name":"bone1"},{"frame":[{"tweenEasing":0,"duration":10,"transform":{}},{"tweenEasing":0,"duration":30,"transform":{}},{"duration":0,"transform":{}}],"name":"1"},{"frame":[{"tweenEasing":0,"duration":40,"transform":{},"tweenRotate":2},{"duration":0,"transform":{}}],"name":"ETC3"},{"frame":[{"tweenEasing":0,"duration":10,"transform":{}},{"tweenEasing":0,"duration":30,"transform":{}},{"duration":0,"transform":{}}],"name":"B32"},{"frame":[{"tweenEasing":0,"duration":40,"transform":{},"tweenRotate":-2},{"duration":0,"transform":{}}],"name":"D2"},{"frame":[{"tweenEasing":0,"duration":40,"transform":{},"tweenRotate":2},{"duration":0,"transform":{}}],"name":"T21"},{"frame":[{"tweenEasing":0,"duration":40,"transform":{},"tweenRotate":2},{"duration":0,"transform":{}}],"name":"Z2"},{"frame":[{"tweenEasing":0,"duration":10,"transform":{}},{"tweenEasing":0,"duration":30,"transform":{}},{"duration":0,"transform":{}}],"name":"B3"},{"frame":[{"tweenEasing":0,"duration":10,"transform":{}},{"tweenEasing":0,"duration":30,"transform":{}},{"duration":0,"transform":{}}],"name":"B321"},{"frame":[{"tweenEasing":0,"duration":40,"transform":{},"tweenRotate":-2},{"duration":0,"transform":{}}],"name":"Z21"},{"frame":[{"tweenEasing":0,"duration":40,"transform":{},"tweenRotate":-2},{"duration":0,"transform":{}}],"name":"bone"},{"frame":[{"tweenEasing":0,"duration":40,"transform":{},"tweenRotate":2},{"duration":0,"transform":{}}],"name":"T2"},{"frame":[{"tweenEasing":0,"duration":40,"transform":{},"tweenRotate":2},{"duration":0,"transform":{}}],"name":"D21"},{"frame":[{"tweenEasing":0,"duration":40,"transform":{},"tweenRotate":2},{"duration":0,"transform":{}}],"name":"ZZ2"},{"frame":[{"tweenEasing":0,"duration":40,"transform":{},"tweenRotate":-2},{"duration":0,"transform":{}}],"name":"ZZ21"},{"frame":[{"tweenEasing":0,"duration":10,"transform":{}},{"tweenEasing":0,"duration":10,"transform":{"scX":0.95,"scY":1.05}},{"tweenEasing":0,"duration":10,"transform":{}},{"tweenEasing":0,"duration":10,"transform":{"scX":0.95,"scY":1.05}},{"duration":0,"transform":{}}],"name":"bone2"},{"frame":[{"duration":40,"transform":{}}],"name":"M2"},{"frame":[{"duration":40,"transform":{}}],"name":"M21"},{"frame":[{"duration":40,"transform":{}}],"name":"eth"},{"frame":[{"duration":40,"transform":{}}],"name":"eth1"}],"ffd":[],"duration":40,"zOrder":{"frame":[{"tweenEasing":null,"duration":40,"zOrder":[10,-9,12,14,14,3,15,17,16,19,18,11,21,13,22,-2,23,0,24,-3,26,-2,27,-2,28,-9,30,0,31,-17,32,-30,33,-30,34,-19,35,-35,36,-20]}]},"playTimes":0,"frame":[],"slot":[{"frame":[{"displayIndex":-1,"tweenEasing":null,"duration":40}],"name":"ETC3"},{"frame":[{"displayIndex":-1,"tweenEasing":null,"duration":40}],"name":"G2"},{"frame":[{"displayIndex":-1,"tweenEasing":null,"duration":40}],"name":"T21"},{"frame":[{"displayIndex":-1,"tweenEasing":null,"duration":40}],"name":"T2"},{"frame":[{"displayIndex":-1,"tweenEasing":null,"duration":40}],"name":"Z21"},{"frame":[{"displayIndex":-1,"tweenEasing":null,"duration":40}],"name":"Z2"},{"frame":[{"tweenEasing":null,"duration":40}],"name":"ZZ2"},{"frame":[{"displayIndex":9,"tweenEasing":null,"duration":40}],"name":"B1"},{"frame":[{"displayIndex":-1,"tweenEasing":null,"duration":40}],"name":"D21"},{"frame":[{"displayIndex":-1,"tweenEasing":null,"duration":40}],"name":"D2"},{"frame":[{"displayIndex":9,"tweenEasing":null,"duration":40}],"name":"B"},{"frame":[{"tweenEasing":null,"duration":40}],"name":"ZZ21"}],"ik":[],"name":"a10_1"},{"bone":[{"frame":[{"tweenEasing":0,"duration":10,"transform":{}},{"tweenEasing":0,"duration":110,"transform":{}},{"duration":0,"transform":{}}],"name":"root"},{"frame":[{"tweenEasing":0,"duration":10,"transform":{}},{"tweenEasing":0,"duration":110,"transform":{}},{"duration":0,"transform":{}}],"name":"bone1"},{"frame":[{"tweenEasing":0,"duration":10,"transform":{}},{"tweenEasing":0,"duration":110,"transform":{}},{"duration":0,"transform":{}}],"name":"1"},{"frame":[{"tweenEasing":0,"duration":120,"transform":{},"tweenRotate":2},{"duration":0,"transform":{}}],"name":"ETC3"},{"frame":[{"tweenEasing":0,"duration":10,"transform":{}},{"tweenEasing":0,"duration":110,"transform":{}},{"duration":0,"transform":{}}],"name":"B32"},{"frame":[{"tweenEasing":0,"duration":120,"transform":{},"tweenRotate":-2},{"duration":0,"transform":{}}],"name":"D2"},{"frame":[{"tweenEasing":0,"duration":120,"transform":{},"tweenRotate":-2},{"duration":0,"transform":{}}],"name":"T21"},{"frame":[{"tweenEasing":0,"duration":120,"transform":{},"tweenRotate":2},{"duration":0,"transform":{}}],"name":"Z2"},{"frame":[{"tweenEasing":0,"duration":10,"transform":{}},{"tweenEasing":0,"duration":110,"transform":{}},{"duration":0,"transform":{}}],"name":"B3"},{"frame":[{"tweenEasing":0,"duration":10,"transform":{}},{"tweenEasing":0,"duration":110,"transform":{}},{"duration":0,"transform":{}}],"name":"B321"},{"frame":[{"tweenEasing":0,"duration":120,"transform":{},"tweenRotate":-2},{"duration":0,"transform":{}}],"name":"Z21"},{"frame":[{"tweenEasing":0,"duration":120,"transform":{}},{"duration":0,"transform":{}}],"name":"bone"},{"frame":[{"tweenEasing":0,"duration":120,"transform":{},"tweenRotate":2},{"duration":0,"transform":{}}],"name":"T2"},{"frame":[{"tweenEasing":0,"duration":120,"transform":{},"tweenRotate":2},{"duration":0,"transform":{}}],"name":"D21"},{"frame":[{"tweenEasing":0,"duration":10,"transform":{}},{"tweenEasing":0,"duration":110,"transform":{}},{"duration":0,"transform":{}}],"name":"ZZ2"},{"frame":[{"tweenEasing":0,"duration":10,"transform":{}},{"tweenEasing":0,"duration":110,"transform":{}},{"duration":0,"transform":{}}],"name":"ZZ21"},{"frame":[{"tweenEasing":0,"duration":10,"transform":{}},{"tweenEasing":0,"duration":10,"transform":{"scX":0.95,"scY":1.05}},{"tweenEasing":0,"duration":10,"transform":{}},{"tweenEasing":0,"duration":10,"transform":{"scX":0.95,"scY":1.05}},{"tweenEasing":0,"duration":10,"transform":{}},{"tweenEasing":0,"duration":10,"transform":{"scX":0.95,"scY":1.05}},{"tweenEasing":0,"duration":10,"transform":{}},{"tweenEasing":0,"duration":10,"transform":{"scX":0.95,"scY":1.05}},{"tweenEasing":0,"duration":10,"transform":{}},{"tweenEasing":0,"duration":10,"transform":{"scX":0.95,"scY":1.05}},{"tweenEasing":0,"duration":10,"transform":{}},{"tweenEasing":0,"duration":10,"transform":{"scX":0.95,"scY":1.05}},{"duration":0,"transform":{}}],"name":"bone2"},{"frame":[{"duration":120,"transform":{}}],"name":"M2"},{"frame":[{"duration":120,"transform":{}}],"name":"M21"},{"frame":[{"tweenEasing":0,"duration":120,"transform":{},"tweenRotate":2},{"duration":0,"transform":{}}],"name":"eth"},{"frame":[{"tweenEasing":0,"duration":120,"transform":{},"tweenRotate":-2},{"duration":0,"transform":{}}],"name":"eth1"}],"ffd":[],"duration":120,"zOrder":{"frame":[{"tweenEasing":null,"duration":120,"zOrder":[11,5,12,3,15,5,16,3,17,-4,19,-20,20,-21]}]},"playTimes":0,"frame":[],"slot":[{"frame":[{"displayIndex":-1,"tweenEasing":null,"duration":120}],"name":"ETC3"},{"frame":[{"displayIndex":-1,"tweenEasing":null,"duration":120}],"name":"G2"},{"frame":[{"displayIndex":-1,"tweenEasing":null,"duration":120}],"name":"T21"},{"frame":[{"displayIndex":-1,"tweenEasing":null,"duration":120}],"name":"T2"},{"frame":[{"displayIndex":-1,"tweenEasing":null,"duration":120}],"name":"Z21"},{"frame":[{"displayIndex":-1,"tweenEasing":null,"duration":120}],"name":"Z2"},{"frame":[{"displayIndex":3,"tweenEasing":null,"duration":120}],"name":"B1"},{"frame":[{"displayIndex":-1,"tweenEasing":null,"duration":120}],"name":"D21"},{"frame":[{"displayIndex":-1,"tweenEasing":null,"duration":120}],"name":"D2"},{"frame":[{"displayIndex":3,"tweenEasing":null,"duration":120}],"name":"B"},{"frame":[{"tweenEasing":null,"duration":120}],"name":"ETH4"},{"frame":[{"tweenEasing":null,"duration":120}],"name":"ETH3"},{"frame":[{"tweenEasing":null,"duration":120}],"name":"ETH31"},{"frame":[{"tweenEasing":null,"duration":120}],"name":"ETH311"},{"frame":[{"tweenEasing":null,"duration":120}],"name":"ETH41"},{"frame":[{"tweenEasing":null,"duration":120}],"name":"ETH32"},{"frame":[{"tweenEasing":null,"duration":120}],"name":"ETH312"},{"frame":[{"tweenEasing":null,"duration":120}],"name":"ETH3111"}],"ik":[],"name":"a4"},{"bone":[{"frame":[{"tweenEasing":0,"duration":10,"transform":{}},{"tweenEasing":0,"duration":30,"transform":{}},{"duration":0,"transform":{}}],"name":"root"},{"frame":[{"tweenEasing":0,"duration":10,"transform":{}},{"tweenEasing":0,"duration":30,"transform":{}},{"duration":0,"transform":{}}],"name":"bone1"},{"frame":[{"tweenEasing":0,"duration":10,"transform":{}},{"tweenEasing":0,"duration":30,"transform":{}},{"duration":0,"transform":{}}],"name":"1"},{"frame":[{"tweenEasing":0,"duration":40,"transform":{},"tweenRotate":2},{"duration":0,"transform":{}}],"name":"ETC3"},{"frame":[{"tweenEasing":0,"duration":10,"transform":{}},{"tweenEasing":0,"duration":30,"transform":{}},{"duration":0,"transform":{}}],"name":"B32"},{"frame":[{"tweenEasing":0,"duration":40,"transform":{},"tweenRotate":-2},{"duration":0,"transform":{}}],"name":"D2"},{"frame":[{"tweenEasing":0,"duration":40,"transform":{},"tweenRotate":2},{"duration":0,"transform":{}}],"name":"T21"},{"frame":[{"tweenEasing":0,"duration":40,"transform":{},"tweenRotate":2},{"duration":0,"transform":{}}],"name":"Z2"},{"frame":[{"tweenEasing":0,"duration":10,"transform":{}},{"tweenEasing":0,"duration":30,"transform":{}},{"duration":0,"transform":{}}],"name":"B3"},{"frame":[{"tweenEasing":0,"duration":10,"transform":{}},{"tweenEasing":0,"duration":30,"transform":{}},{"duration":0,"transform":{}}],"name":"B321"},{"frame":[{"tweenEasing":0,"duration":40,"transform":{},"tweenRotate":-2},{"duration":0,"transform":{}}],"name":"Z21"},{"frame":[{"tweenEasing":0,"duration":40,"transform":{},"tweenRotate":-2},{"duration":0,"transform":{}}],"name":"bone"},{"frame":[{"tweenEasing":0,"duration":40,"transform":{},"tweenRotate":2},{"duration":0,"transform":{}}],"name":"T2"},{"frame":[{"tweenEasing":0,"duration":40,"transform":{},"tweenRotate":2},{"duration":0,"transform":{}}],"name":"D21"},{"frame":[{"tweenEasing":0,"duration":10,"transform":{}},{"tweenEasing":0,"duration":30,"transform":{}},{"duration":0,"transform":{}}],"name":"ZZ2"},{"frame":[{"tweenEasing":0,"duration":10,"transform":{}},{"tweenEasing":0,"duration":30,"transform":{}},{"duration":0,"transform":{}}],"name":"ZZ21"},{"frame":[{"tweenEasing":0,"duration":10,"transform":{}},{"tweenEasing":0,"duration":10,"transform":{"scX":0.95,"scY":1.05}},{"tweenEasing":0,"duration":10,"transform":{}},{"tweenEasing":0,"duration":10,"transform":{"scX":0.95,"scY":1.05}},{"duration":0,"transform":{}}],"name":"bone2"},{"frame":[{"duration":40,"transform":{}}],"name":"M2"},{"frame":[{"duration":40,"transform":{}}],"name":"M21"},{"frame":[{"tweenEasing":0,"duration":40,"transform":{},"tweenRotate":2},{"duration":0,"transform":{}}],"name":"eth"},{"frame":[{"tweenEasing":0,"duration":40,"transform":{},"tweenRotate":-2},{"duration":0,"transform":{}}],"name":"eth1"}],"ffd":[],"duration":40,"zOrder":{"frame":[{"tweenEasing":null,"duration":40,"zOrder":[12,4,13,5,15,6,16,-3,19,-20,20,-21,21,-22]}]},"playTimes":0,"frame":[],"slot":[{"frame":[{"displayIndex":-1,"tweenEasing":null,"duration":40}],"name":"ETC3"},{"frame":[{"displayIndex":-1,"tweenEasing":null,"duration":40}],"name":"G2"},{"frame":[{"displayIndex":-1,"tweenEasing":null,"duration":40}],"name":"T21"},{"frame":[{"displayIndex":-1,"tweenEasing":null,"duration":40}],"name":"T2"},{"frame":[{"displayIndex":-1,"tweenEasing":null,"duration":40}],"name":"Z21"},{"frame":[{"displayIndex":-1,"tweenEasing":null,"duration":40}],"name":"Z2"},{"frame":[{"displayIndex":3,"tweenEasing":null,"duration":40}],"name":"B1"},{"frame":[{"displayIndex":-1,"tweenEasing":null,"duration":40}],"name":"D21"},{"frame":[{"displayIndex":-1,"tweenEasing":null,"duration":40}],"name":"D2"},{"frame":[{"displayIndex":3,"tweenEasing":null,"duration":40}],"name":"B"},{"frame":[{"tweenEasing":null,"duration":40}],"name":"ETH4"},{"frame":[{"tweenEasing":null,"duration":40}],"name":"ETH3"},{"frame":[{"tweenEasing":null,"duration":40}],"name":"ETH31"},{"frame":[{"tweenEasing":null,"duration":40}],"name":"ETH311"},{"frame":[{"tweenEasing":null,"duration":40}],"name":"ETH41"},{"frame":[{"tweenEasing":null,"duration":40}],"name":"ETH32"},{"frame":[{"tweenEasing":null,"duration":40}],"name":"ETH3111"}],"ik":[],"name":"a4_1"},{"bone":[{"frame":[{"tweenEasing":0,"duration":10,"transform":{}},{"tweenEasing":0,"duration":110,"transform":{}},{"duration":0,"transform":{}}],"name":"root"},{"frame":[{"tweenEasing":0,"duration":10,"transform":{}},{"tweenEasing":0,"duration":110,"transform":{}},{"duration":0,"transform":{}}],"name":"bone1"},{"frame":[{"tweenEasing":0,"duration":10,"transform":{}},{"tweenEasing":0,"duration":110,"transform":{}},{"duration":0,"transform":{}}],"name":"1"},{"frame":[{"tweenEasing":0,"duration":120,"transform":{},"tweenRotate":2},{"duration":0,"transform":{}}],"name":"ETC3"},{"frame":[{"tweenEasing":0,"duration":10,"transform":{}},{"tweenEasing":0,"duration":110,"transform":{}},{"duration":0,"transform":{}}],"name":"B32"},{"frame":[{"tweenEasing":0,"duration":120,"transform":{},"tweenRotate":-2},{"duration":0,"transform":{}}],"name":"D2"},{"frame":[{"tweenEasing":0,"duration":120,"transform":{},"tweenRotate":-2},{"duration":0,"transform":{}}],"name":"T21"},{"frame":[{"tweenEasing":0,"duration":120,"transform":{},"tweenRotate":2},{"duration":0,"transform":{}}],"name":"Z2"},{"frame":[{"tweenEasing":0,"duration":10,"transform":{}},{"tweenEasing":0,"duration":110,"transform":{}},{"duration":0,"transform":{}}],"name":"B3"},{"frame":[{"tweenEasing":0,"duration":10,"transform":{}},{"tweenEasing":0,"duration":110,"transform":{}},{"duration":0,"transform":{}}],"name":"B321"},{"frame":[{"tweenEasing":0,"duration":120,"transform":{},"tweenRotate":-2},{"duration":0,"transform":{}}],"name":"Z21"},{"frame":[{"tweenEasing":0,"duration":120,"transform":{}},{"duration":0,"transform":{}}],"name":"bone"},{"frame":[{"tweenEasing":0,"duration":120,"transform":{},"tweenRotate":2},{"duration":0,"transform":{}}],"name":"T2"},{"frame":[{"tweenEasing":0,"duration":120,"transform":{},"tweenRotate":2},{"duration":0,"transform":{}}],"name":"D21"},{"frame":[{"tweenEasing":0,"duration":10,"transform":{}},{"tweenEasing":0,"duration":110,"transform":{}},{"duration":0,"transform":{}}],"name":"ZZ2"},{"frame":[{"tweenEasing":0,"duration":10,"transform":{}},{"tweenEasing":0,"duration":110,"transform":{}},{"duration":0,"transform":{}}],"name":"ZZ21"},{"frame":[{"tweenEasing":0,"duration":10,"transform":{}},{"tweenEasing":0,"duration":10,"transform":{"scX":0.95,"scY":1.05}},{"tweenEasing":0,"duration":10,"transform":{}},{"tweenEasing":0,"duration":10,"transform":{"scX":0.95,"scY":1.05}},{"tweenEasing":0,"duration":10,"transform":{}},{"tweenEasing":0,"duration":10,"transform":{"scX":0.95,"scY":1.05}},{"tweenEasing":0,"duration":10,"transform":{}},{"tweenEasing":0,"duration":10,"transform":{"scX":0.95,"scY":1.05}},{"tweenEasing":0,"duration":10,"transform":{}},{"tweenEasing":0,"duration":10,"transform":{"scX":0.95,"scY":1.05}},{"tweenEasing":0,"duration":10,"transform":{}},{"tweenEasing":0,"duration":10,"transform":{"scX":0.95,"scY":1.05}},{"duration":0,"transform":{}}],"name":"bone2"},{"frame":[{"duration":120,"transform":{}}],"name":"M2"},{"frame":[{"duration":120,"transform":{}}],"name":"M21"},{"frame":[{"tweenEasing":0,"duration":120,"transform":{},"tweenRotate":2},{"duration":0,"transform":{}}],"name":"eth"},{"frame":[{"tweenEasing":0,"duration":120,"transform":{},"tweenRotate":-2},{"duration":0,"transform":{}}],"name":"eth1"}],"ffd":[],"duration":120,"zOrder":{"frame":[{"tweenEasing":null,"duration":120,"zOrder":[11,5,12,3,13,1,14,15,15,17,16,15,18,12,19,1,20,4,21,1,22,3,23,-5,24,-1,28,0,32,-32,33,-32]}]},"playTimes":0,"frame":[],"slot":[{"frame":[{"displayIndex":-1,"tweenEasing":null,"duration":120}],"name":"ETC3"},{"frame":[{"displayIndex":-1,"tweenEasing":null,"duration":120}],"name":"G2"},{"frame":[{"displayIndex":-1,"tweenEasing":null,"duration":120}],"name":"T21"},{"frame":[{"displayIndex":-1,"tweenEasing":null,"duration":120}],"name":"T2"},{"frame":[{"displayIndex":-1,"tweenEasing":null,"duration":120}],"name":"Z21"},{"frame":[{"displayIndex":-1,"tweenEasing":null,"duration":120}],"name":"Z2"},{"frame":[{"displayIndex":5,"tweenEasing":null,"duration":120}],"name":"B1"},{"frame":[{"displayIndex":-1,"tweenEasing":null,"duration":120}],"name":"D21"},{"frame":[{"displayIndex":-1,"tweenEasing":null,"duration":120}],"name":"D2"},{"frame":[{"displayIndex":5,"tweenEasing":null,"duration":120}],"name":"B"},{"frame":[{"displayIndex":-1,"tweenEasing":null,"duration":120}],"name":"ETH4"},{"frame":[{"displayIndex":-1,"tweenEasing":null,"duration":120}],"name":"ETH3"},{"frame":[{"displayIndex":-1,"tweenEasing":null,"duration":120}],"name":"ETH31"},{"frame":[{"displayIndex":-1,"tweenEasing":null,"duration":120}],"name":"ETH311"},{"frame":[{"displayIndex":-1,"tweenEasing":null,"duration":120}],"name":"ETH41"},{"frame":[{"displayIndex":-1,"tweenEasing":null,"duration":120}],"name":"ETH32"},{"frame":[{"displayIndex":-1,"tweenEasing":null,"duration":120}],"name":"ETH312"},{"frame":[{"displayIndex":-1,"tweenEasing":null,"duration":120}],"name":"ETH3111"},{"frame":[{"tweenEasing":null,"duration":120}],"name":"L3"},{"frame":[{"tweenEasing":null,"duration":120}],"name":"L31"},{"frame":[{"tweenEasing":null,"duration":120}],"name":"L32"},{"frame":[{"tweenEasing":null,"duration":120}],"name":"L2"},{"frame":[{"tweenEasing":null,"duration":120}],"name":"L21"},{"frame":[{"tweenEasing":null,"duration":120}],"name":"L22"},{"frame":[{"tweenEasing":null,"duration":120}],"name":"L321"},{"frame":[{"tweenEasing":null,"duration":120}],"name":"L221"},{"frame":[{"tweenEasing":null,"duration":120}],"name":"L311"},{"frame":[{"tweenEasing":null,"duration":120}],"name":"L23"},{"frame":[{"tweenEasing":null,"duration":120}],"name":"L33"},{"frame":[{"tweenEasing":null,"duration":120}],"name":"L211"}],"ik":[],"name":"a6"},{"bone":[{"frame":[{"tweenEasing":0,"duration":10,"transform":{}},{"tweenEasing":0,"duration":30,"transform":{}},{"duration":0,"transform":{}}],"name":"root"},{"frame":[{"tweenEasing":0,"duration":10,"transform":{}},{"tweenEasing":0,"duration":30,"transform":{}},{"duration":0,"transform":{}}],"name":"bone1"},{"frame":[{"tweenEasing":0,"duration":10,"transform":{}},{"tweenEasing":0,"duration":30,"transform":{}},{"duration":0,"transform":{}}],"name":"1"},{"frame":[{"tweenEasing":0,"duration":40,"transform":{},"tweenRotate":2},{"duration":0,"transform":{}}],"name":"ETC3"},{"frame":[{"tweenEasing":0,"duration":10,"transform":{}},{"tweenEasing":0,"duration":30,"transform":{}},{"duration":0,"transform":{}}],"name":"B32"},{"frame":[{"tweenEasing":0,"duration":40,"transform":{},"tweenRotate":-2},{"duration":0,"transform":{}}],"name":"D2"},{"frame":[{"tweenEasing":0,"duration":40,"transform":{},"tweenRotate":2},{"duration":0,"transform":{}}],"name":"T21"},{"frame":[{"tweenEasing":0,"duration":40,"transform":{},"tweenRotate":2},{"duration":0,"transform":{}}],"name":"Z2"},{"frame":[{"tweenEasing":0,"duration":10,"transform":{}},{"tweenEasing":0,"duration":30,"transform":{}},{"duration":0,"transform":{}}],"name":"B3"},{"frame":[{"tweenEasing":0,"duration":10,"transform":{}},{"tweenEasing":0,"duration":30,"transform":{}},{"duration":0,"transform":{}}],"name":"B321"},{"frame":[{"tweenEasing":0,"duration":40,"transform":{},"tweenRotate":-2},{"duration":0,"transform":{}}],"name":"Z21"},{"frame":[{"tweenEasing":0,"duration":40,"transform":{},"tweenRotate":-2},{"duration":0,"transform":{}}],"name":"bone"},{"frame":[{"tweenEasing":0,"duration":40,"transform":{},"tweenRotate":2},{"duration":0,"transform":{}}],"name":"T2"},{"frame":[{"tweenEasing":0,"duration":40,"transform":{},"tweenRotate":2},{"duration":0,"transform":{}}],"name":"D21"},{"frame":[{"tweenEasing":0,"duration":10,"transform":{}},{"tweenEasing":0,"duration":30,"transform":{}},{"duration":0,"transform":{}}],"name":"ZZ2"},{"frame":[{"tweenEasing":0,"duration":10,"transform":{}},{"tweenEasing":0,"duration":30,"transform":{}},{"duration":0,"transform":{}}],"name":"ZZ21"},{"frame":[{"tweenEasing":0,"duration":10,"transform":{}},{"tweenEasing":0,"duration":10,"transform":{"scX":0.95,"scY":1.05}},{"tweenEasing":0,"duration":10,"transform":{}},{"tweenEasing":0,"duration":10,"transform":{"scX":0.95,"scY":1.05}},{"duration":0,"transform":{}}],"name":"bone2"},{"frame":[{"duration":40,"transform":{}}],"name":"M2"},{"frame":[{"duration":40,"transform":{}}],"name":"M21"},{"frame":[{"tweenEasing":0,"duration":40,"transform":{},"tweenRotate":2},{"duration":0,"transform":{}}],"name":"eth"},{"frame":[{"tweenEasing":0,"duration":40,"transform":{},"tweenRotate":-2},{"duration":0,"transform":{}}],"name":"eth1"}],"ffd":[],"duration":40,"zOrder":{"frame":[{"tweenEasing":null,"duration":40,"zOrder":[12,4,13,5,15,6,16,-3,19,9,20,12,21,3,22,5,25,6,26,4,28,5,30,-5,32,-32,33,-32,36,-17]}]},"playTimes":0,"frame":[],"slot":[{"frame":[{"displayIndex":-1,"tweenEasing":null,"duration":40}],"name":"ETC3"},{"frame":[{"displayIndex":-1,"tweenEasing":null,"duration":40}],"name":"G2"},{"frame":[{"displayIndex":-1,"tweenEasing":null,"duration":40}],"name":"T21"},{"frame":[{"displayIndex":-1,"tweenEasing":null,"duration":40}],"name":"T2"},{"frame":[{"displayIndex":-1,"tweenEasing":null,"duration":40}],"name":"Z21"},{"frame":[{"displayIndex":-1,"tweenEasing":null,"duration":40}],"name":"Z2"},{"frame":[{"displayIndex":5,"tweenEasing":null,"duration":40}],"name":"B1"},{"frame":[{"displayIndex":-1,"tweenEasing":null,"duration":40}],"name":"D21"},{"frame":[{"displayIndex":-1,"tweenEasing":null,"duration":40}],"name":"D2"},{"frame":[{"displayIndex":5,"tweenEasing":null,"duration":40}],"name":"B"},{"frame":[{"displayIndex":-1,"tweenEasing":null,"duration":40}],"name":"ETH4"},{"frame":[{"displayIndex":-1,"tweenEasing":null,"duration":40}],"name":"ETH3"},{"frame":[{"displayIndex":-1,"tweenEasing":null,"duration":40}],"name":"ETH31"},{"frame":[{"displayIndex":-1,"tweenEasing":null,"duration":40}],"name":"ETH311"},{"frame":[{"displayIndex":-1,"tweenEasing":null,"duration":40}],"name":"ETH41"},{"frame":[{"displayIndex":-1,"tweenEasing":null,"duration":40}],"name":"ETH32"},{"frame":[{"displayIndex":-1,"tweenEasing":null,"duration":40}],"name":"ETH3111"},{"frame":[{"tweenEasing":null,"duration":40}],"name":"L3"},{"frame":[{"tweenEasing":null,"duration":40}],"name":"L31"},{"frame":[{"tweenEasing":null,"duration":40}],"name":"L32"},{"frame":[{"tweenEasing":null,"duration":40}],"name":"L2"},{"frame":[{"tweenEasing":null,"duration":40}],"name":"L21"},{"frame":[{"tweenEasing":null,"duration":40}],"name":"L22"},{"frame":[{"tweenEasing":null,"duration":40}],"name":"L321"},{"frame":[{"tweenEasing":null,"duration":40}],"name":"L221"},{"frame":[{"tweenEasing":null,"duration":40}],"name":"L311"},{"frame":[{"tweenEasing":null,"duration":40}],"name":"L23"},{"frame":[{"tweenEasing":null,"duration":40}],"name":"L33"},{"frame":[{"tweenEasing":null,"duration":40}],"name":"L211"}],"ik":[],"name":"a6_1"}],"name":"Armature"}],"frameRate":30,"name":"zhanji","version":"4.5","isGlobal":0}