{"width":1024,"imagePath":"zhanji_tex.png","name":"zhanji","SubTexture":[{"width":138,"y":402,"height":143,"name":"B3","x":481},{"width":209,"y":262,"height":210,"name":"ETC3","x":1},{"width":261,"y":1,"height":259,"name":"G2","x":1},{"width":235,"y":1,"height":235,"name":"M2","x":264},{"width":202,"y":1,"height":202,"name":"T2","x":725},{"width":250,"y":406,"height":61,"name":"Z2","x":621},{"width":222,"y":1,"height":244,"name":"ZZ2","x":501},{"width":215,"y":238,"height":215,"name":"ETH4","x":264},{"width":106,"y":525,"height":91,"name":"ETH3","x":844},{"width":160,"y":474,"height":106,"name":"L3","x":1},{"width":88,"y":205,"height":88,"name":"L2","x":928},{"width":124,"y":455,"height":124,"name":"ETC1","x":352},{"width":113,"y":547,"height":113,"name":"Z1","x":478},{"width":117,"y":406,"height":117,"name":"ETH1","x":873},{"width":153,"y":247,"height":153,"name":"ZZ1","x":481},{"width":120,"y":582,"height":120,"name":"G1","x":1},{"width":138,"y":455,"height":138,"name":"L1","x":212},{"width":115,"y":469,"height":115,"name":"B1","x":621},{"width":108,"y":581,"height":108,"name":"M1","x":352},{"width":108,"y":662,"height":107,"name":"D1","x":462},{"width":104,"y":469,"height":104,"name":"T1","x":738},{"width":201,"y":205,"height":199,"name":"D2","x":725},{"width":52,"y":247,"height":86,"name":"ETH","x":636},{"width":54,"y":295,"height":97,"name":"ZZ","x":928},{"width":61,"y":335,"height":68,"name":"G","x":636},{"width":50,"y":262,"height":53,"name":"L","x":212},{"width":60,"y":1,"height":74,"name":"B","x":929},{"width":64,"y":525,"height":64,"name":"M","x":952},{"width":55,"y":591,"height":69,"name":"D","x":952},{"width":59,"y":582,"height":56,"name":"T","x":123},{"width":51,"y":77,"height":81,"name":"ETC","x":929},{"width":53,"y":575,"height":53,"name":"Z","x":738}],"height":1024}